# Blender 5.0.0
# www.blender.org
o LP
v 4.445252 -10.303845 -1.090736
v 4.406728 -10.259645 -1.154236
v 4.507117 -10.239415 -1.113781
v 4.436012 -10.260830 -0.979161
v 4.245763 -10.299801 -0.861331
v 4.211097 -10.352096 -0.999776
v 4.209477 -10.298336 -1.137286
v 4.374938 10.445745 -0.971043
v 4.473293 10.500729 -0.902713
v 4.547887 10.280664 -0.915113
v 4.372582 10.271389 -1.022343
v 4.197497 10.314255 -1.055513
v 4.213472 10.490360 -0.980988
v 4.262757 10.622604 -0.878228
v -5.079477 -10.929106 1.003229
v -4.982577 -10.947744 0.991484
v -4.991602 -10.865086 1.051959
v -5.101877 -10.843696 1.039874
v -5.113893 -10.956135 0.952629
v -5.010098 -10.990175 0.903559
v -5.187628 -10.834711 0.966079
v -4.787138 -10.364466 0.318029
v -4.941822 -10.337132 0.423444
v -4.899827 -10.046865 0.355729
v -4.607968 -10.163760 0.165449
v -4.457617 -10.475296 0.176844
v -4.732132 -10.548201 0.341514
v -4.924157 -10.566840 0.466214
v 3.999292 10.336445 -1.062403
v 3.974398 10.490196 -0.995298
v 4.072012 10.043631 -1.134258
v 3.828952 10.180573 -1.121513
v 3.703372 10.387130 -1.020513
v 4.527888 10.501850 -0.620608
v 4.558258 10.527704 -0.757488
v 4.330418 10.689526 -0.696833
v 4.361548 10.589509 -0.548398
v 4.410272 10.408585 -0.472618
v 4.566138 10.332160 -0.595483
v 4.624733 10.304644 -0.765198
v 3.955873 -9.633340 -0.235876
v 3.717463 -9.511556 -0.068926
v 3.584318 -9.779700 -0.140841
v 3.943083 -9.836366 -0.305881
v 4.208427 -9.842556 -0.471541
v 4.137933 -9.552791 -0.332526
v 3.938568 -9.248880 -0.132841
v -5.138147 -10.937871 0.871874
v -5.187168 -10.840631 0.854439
v -5.105972 -10.861160 0.769009
v -5.049743 -10.956670 0.814224
v -4.610937 -9.688360 0.097399
v -4.190608 -9.764786 -0.144816
v -4.097443 -10.171640 -0.082986
v -4.865652 -9.659290 0.305309
v -3.991408 -10.437086 -0.008921
v -4.568858 10.365059 0.559037
v -4.574978 10.302479 0.582262
v -4.516402 10.325554 0.601702
v -4.517498 10.394139 0.561477
v -4.523038 10.414910 0.504372
v -4.587008 10.366409 0.513477
v -4.606003 10.295949 0.530882
v -4.577403 10.352149 0.477042
v -4.531723 10.372055 0.448522
v -4.547592 10.300174 0.423027
v -4.596462 10.294409 0.472102
v 4.428123 -10.121736 -1.200251
v 4.522207 -10.107125 -1.076706
v 4.463332 -10.137955 -0.918456
v -3.959837 10.023739 0.909182
v -3.961858 10.146143 0.831362
v -4.178052 10.162554 0.791987
v -4.089043 9.978494 0.907427
v -3.813372 9.708945 1.080972
v -3.677357 9.860240 1.037837
v -2.779782 8.734149 1.644297
v -1.912838 8.566579 1.790727
v -1.846893 9.191605 1.625592
v -2.591172 9.361970 1.462682
v -3.222322 9.607084 1.231957
v -3.402113 9.351550 1.316712
v -2.577868 7.798950 1.839342
v -1.853207 7.798570 1.912133
v -3.337193 8.468479 1.543877
v -3.175992 7.678404 1.700287
v -3.633078 9.124475 1.307802
v -3.478713 -9.485611 1.417264
v -4.085157 -9.242070 1.473964
v -4.275477 -9.805760 1.362714
v -4.007282 -9.987210 1.311229
v -3.397552 -8.665461 1.614904
v -3.955082 -8.485850 1.582329
v -2.636282 -9.415990 1.313054
v -2.699428 -8.819241 1.558209
v -3.244048 -10.012311 1.144239
v -2.535127 -9.877061 0.993049
v -3.813033 -10.237915 1.174774
v -4.687802 -10.640650 1.163649
v -4.563262 -10.528001 1.191669
v -4.697418 -10.434805 1.213839
v -4.802287 -10.612825 1.169919
v -4.668918 -10.740116 1.116494
v -4.463208 -10.657105 1.126289
v -4.830652 -10.755795 1.124619
v -3.519423 8.911394 -0.423233
v -2.878118 8.738669 -0.835493
v -3.033442 8.111909 -0.898318
v -3.515353 8.141749 -0.525568
v -3.297427 9.443700 -0.438523
v -2.650768 9.270545 -0.723163
v -3.920493 9.483259 -0.096998
v -3.776047 9.736989 -0.136748
v -3.802507 8.102095 -0.231123
v -3.883028 8.768025 -0.139928
v -4.094728 9.349784 0.018192
v -4.132062 9.781320 0.058282
v -4.264832 9.771210 0.132902
v -4.292567 10.023170 0.193142
v -4.098867 9.957191 0.076212
v 3.064697 9.557984 -1.305793
v 2.207152 9.496370 -1.294523
v 2.090492 9.952554 -1.045248
v 2.811327 10.026336 -1.092313
v 3.541427 9.934060 -1.205788
v 3.899608 9.754819 -1.200978
v 3.692718 9.360169 -1.282368
v 3.358573 10.224380 -1.061358
v 3.049697 8.943835 -1.433723
v 2.272953 8.976524 -1.472048
v 3.663988 8.817820 -1.371648
v 3.574653 -8.782636 0.195319
v 3.283573 -9.335240 0.162659
v 4.219563 -9.103995 -0.328366
v 4.075058 -8.589200 -0.114791
v 2.861267 -8.673535 0.558149
v 2.652817 -9.230431 0.411879
v 4.051738 -7.897651 0.012424
v 3.594028 -7.982270 0.380664
v 2.953703 -8.011670 0.724724
v 3.561407 -7.233340 0.575219
v 2.928863 -7.290425 0.928574
v 2.226938 -7.325050 1.209749
v 2.214278 -7.990770 1.022889
v 2.111078 -8.611090 0.837089
v 1.448148 -7.995970 1.256174
v 1.366623 -8.611496 1.051934
v 1.259643 -9.181286 0.797219
v 1.966667 -9.191271 0.616594
v 1.164007 -9.626241 0.509364
v 1.841862 -9.649046 0.353194
v 2.507393 -9.676886 0.193804
v 1.760333 -9.914600 0.141274
v 2.421922 -9.925835 0.010674
v 3.038437 -9.944230 -0.120881
v 3.126107 -9.732450 0.021539
v 3.490828 -9.984241 -0.248711
v 2.976493 -10.107491 -0.278186
v 3.429537 -10.145946 -0.392936
v 3.766613 -10.182715 -0.505691
v 3.841497 -10.036390 -0.384961
v 4.059372 -10.210296 -0.634271
v 4.134483 -10.059160 -0.541876
v 4.306837 -10.189850 -0.770131
v 4.352407 -10.040580 -0.690891
v 4.391057 -9.812500 -0.620691
v 4.515343 -9.775690 -0.802776
v 4.510167 -9.458845 -0.712391
v 4.335988 -9.483920 -0.497146
v 4.500072 -9.984530 -0.853101
v 4.545292 -9.943596 -1.053516
v 4.577718 -9.731951 -1.006356
v 4.526823 -9.736971 -1.220426
v 4.567802 -9.411005 -1.160816
v 4.588023 -9.443050 -0.935116
v 4.463918 -9.962590 -1.214001
v 4.282622 -10.017825 -1.329446
v 4.346357 -9.774740 -1.388171
v 4.231343 -10.176195 -1.238821
v 3.961018 -10.216619 -1.238931
v 4.014623 -10.068101 -1.361716
v 3.939602 -10.308931 -1.083121
v 3.642498 -10.301695 -1.032236
v 3.641338 -10.217786 -1.211731
v 3.953987 -10.346495 -0.918851
v 3.665173 -10.338105 -0.843641
v 3.325403 -10.309840 -0.762666
v 3.295517 -10.278225 -0.965306
v 3.993407 -10.311615 -0.760551
v 3.710303 -10.292475 -0.661066
v 3.376458 -10.262285 -0.565696
v 2.921808 -10.226896 -0.457471
v 2.869123 -10.275406 -0.658671
v 2.255873 -10.236050 -0.532681
v 2.205243 -10.198795 -0.737021
v 2.821608 -10.239855 -0.863386
v 2.309947 -10.190060 -0.331386
v 1.655238 -10.173460 -0.201431
v 1.605803 -10.220300 -0.401491
v 2.364253 -10.078876 -0.150416
v 1.705878 -10.063991 -0.022846
v 1.043843 -10.027830 0.108829
v 0.997198 -10.124301 -0.074626
v 1.094698 -9.889421 0.274874
v 0.409738 -9.867701 0.378039
v 0.380073 -9.991950 0.206799
v 0.454163 -9.612181 0.624974
v -0.282017 -9.640301 0.698679
v -0.295242 -9.902270 0.445299
v 0.521058 -9.185056 0.938194
v -0.249017 -9.214625 1.015919
v -1.034868 -9.268301 1.043519
v -1.030742 -9.695696 0.739399
v 0.600323 -8.627530 1.213524
v -0.199822 -8.663110 1.306374
v -1.021787 -8.716226 1.359124
v -0.153617 -8.057831 1.532579
v -0.998397 -8.122890 1.612294
v -1.832107 -8.176860 1.699939
v -1.868367 -8.818610 1.471264
v -1.830408 -9.371375 1.145974
v -1.776627 -9.798885 0.826259
v -2.468918 -10.225670 0.673164
v -1.740273 -10.114895 0.557559
v -1.016712 -9.986091 0.483209
v -1.725608 -10.277925 0.382024
v -0.997462 -10.132734 0.311129
v -0.295232 -10.027370 0.268139
v -0.987017 -10.236640 0.135414
v -0.300042 -10.117426 0.084634
v 0.351853 -10.080880 0.021504
v -0.312802 -10.158701 -0.105686
v 0.323333 -10.122610 -0.174441
v 0.955082 -10.168110 -0.273681
v 0.294433 -10.087880 -0.371151
v 0.920938 -10.126760 -0.475041
v 1.561893 -10.177425 -0.604511
v 0.892457 -10.039356 -0.664686
v 1.524273 -10.080526 -0.794226
v 2.160677 -10.099416 -0.928116
v 1.492867 -9.945765 -0.971501
v 2.124388 -9.960916 -1.109306
v 2.756103 -10.006560 -1.234101
v 2.780768 -10.145155 -1.055166
v 3.280032 -10.067881 -1.324701
v 3.275692 -10.194421 -1.153471
v 3.673012 -10.092430 -1.366056
v 3.323557 -9.881426 -1.464036
v 3.725802 -9.859555 -1.491656
v 4.067038 -9.823635 -1.470186
v 3.812658 -9.529660 -1.544106
v 4.146693 -9.482855 -1.487616
v 4.408777 -9.436151 -1.367986
v 4.221878 -9.026225 -1.433486
v 4.450168 -8.992716 -1.277271
v 4.570218 -9.026345 -1.059451
v 4.457238 -8.422626 -1.164381
v 4.536108 -8.426325 -0.917586
v 4.484632 -8.461260 -0.654761
v 4.559023 -9.033256 -0.807516
v 4.336488 -8.526285 -0.407996
v 4.435313 -9.060490 -0.572366
v 4.408318 -7.770660 -0.516341
v 4.271953 -7.828186 -0.259061
v 4.392747 -7.064090 -0.398296
v 4.257178 -7.108775 -0.118291
v 4.024817 -7.161490 0.179349
v 4.278163 -6.395605 -0.015397
v 4.029927 -6.441391 0.315554
v 3.553482 -6.509476 0.727549
v 4.041712 -5.729065 0.414468
v 3.559328 -5.789241 0.844359
v 2.934473 -5.848560 1.201848
v 2.929738 -6.572926 1.088349
v 2.256813 -5.904305 1.477278
v 2.240957 -6.624190 1.358258
v 1.549953 -5.956560 1.679003
v 1.512362 -6.667095 1.562258
v 1.481688 -7.348585 1.431549
v 0.748638 -6.714845 1.706203
v 0.703912 -7.381130 1.590169
v 0.662392 -8.020076 1.428959
v -0.111497 -7.430356 1.692919
v -0.054022 -6.782681 1.806868
v -0.827342 -6.792595 1.881778
v -0.961712 -7.491906 1.775344
v -1.494893 -6.660670 1.935413
v -1.711272 -7.448550 1.842594
v -2.168313 -6.520075 1.936278
v -2.374697 -7.285766 1.859488
v -2.564592 -8.062716 1.747769
v -3.036932 -7.127290 1.818989
v -3.224512 -7.882151 1.737414
v -3.656358 -6.990385 1.713974
v -3.810422 -7.729166 1.661929
v -4.109008 -6.894586 1.555809
v -4.248862 -7.623250 1.530074
v -4.351878 -8.372110 1.487509
v -4.502132 -7.568120 1.399634
v -4.598517 -8.313351 1.374359
v -4.683967 -9.038225 1.343139
v -4.428613 -9.110246 1.435939
v -4.771462 -9.630970 1.256414
v -4.540237 -9.697460 1.338779
v -4.900718 -10.044260 1.181594
v -4.710752 -10.104015 1.253904
v -4.513512 -10.190550 1.272734
v -4.329982 -10.317636 1.237839
v -4.849298 -10.364591 1.195579
v -5.007622 -10.314466 1.133959
v -5.074837 -10.529346 1.098599
v -4.957218 -10.573715 1.145229
v -5.109622 -10.705581 1.064179
v -4.979767 -10.732620 1.109844
v -4.833267 -10.875441 1.061879
v -4.838178 -10.961061 0.969419
v -4.648042 -10.944796 0.951804
v -4.661173 -10.862375 1.047739
v -4.415527 -10.886650 0.922229
v -4.420763 -10.779356 1.038504
v -4.115183 -10.786520 0.883379
v -4.121438 -10.644220 1.030464
v -4.194117 -10.479015 1.150264
v -3.711597 -10.462461 0.995294
v -3.693048 -10.632501 0.818144
v -3.134537 -10.495596 0.676119
v -3.165873 -10.321321 0.872029
v -2.455017 -10.391531 0.491779
v -3.140718 -10.624466 0.488764
v -2.459462 -10.512035 0.315949
v -1.718953 -10.393480 0.209609
v -2.478752 -10.575100 0.118669
v -1.725052 -10.450275 0.019494
v -0.989928 -10.285726 -0.051756
v -1.746982 -10.428620 -0.173031
v -1.009387 -10.261860 -0.238121
v -0.336717 -10.132846 -0.295621
v -1.046378 -10.170970 -0.405971
v -0.370372 -10.049049 -0.472291
v 0.265633 -10.003845 -0.557146
v -0.415372 -9.923500 -0.634986
v 0.234508 -9.878941 -0.729496
v 0.867577 -9.911655 -0.841636
v 0.192283 -9.697415 -0.916086
v 0.833498 -9.706575 -1.046561
v 1.462253 -9.733775 -1.178116
v 0.781513 -9.347680 -1.316146
v 1.430268 -9.378811 -1.434896
v 2.117707 -9.470600 -1.505621
v 2.105723 -9.765990 -1.297906
v 2.837563 -9.567350 -1.556921
v 2.765588 -9.821405 -1.404596
v 3.386347 -9.561690 -1.571316
v 2.982588 -9.228571 -1.662781
v 3.522348 -9.143656 -1.611531
v 3.922697 -9.082490 -1.531716
v 3.724072 -8.611976 -1.588621
v 4.052398 -8.517060 -1.472241
v 4.279478 -8.451796 -1.349751
v 4.010902 -7.743755 -1.447412
v 4.232878 -7.712891 -1.281201
v 4.398868 -7.705416 -1.061211
v 4.206762 -6.991740 -1.232476
v 4.373447 -7.000026 -0.986201
v 4.442118 -7.026085 -0.696501
v 4.461263 -7.727080 -0.793236
v 4.388648 -6.312585 -0.943596
v 4.463033 -6.335320 -0.634622
v 4.416778 -6.362781 -0.317661
v 4.491702 -5.640306 -0.606877
v 4.447207 -5.661790 -0.274917
v 4.305273 -5.689285 0.048228
v 4.470017 -4.960320 -0.244677
v 4.324527 -4.982045 0.095978
v 4.054792 -5.017040 0.477718
v 4.335608 -4.270150 0.110973
v 4.058833 -4.302645 0.502868
v 3.578712 -4.353200 0.942498
v 3.568788 -5.070715 0.914263
v 2.955548 -4.403980 1.306833
v 2.943587 -5.125451 1.277778
v 2.286697 -4.443070 1.587613
v 2.276428 -5.174661 1.573968
v 1.599078 -4.473025 1.796123
v 1.594293 -5.222640 1.823318
v 0.901453 -4.499870 1.919528
v 0.888247 -5.259610 1.945214
v 0.822378 -6.013105 1.810683
v 0.197763 -5.281031 2.006163
v 0.092928 -6.065816 1.896148
v -0.478472 -5.260160 2.026479
v -0.588907 -6.012671 1.960158
v -1.181832 -5.195736 2.045079
v -1.279992 -5.906670 1.998393
v -1.905802 -5.106606 2.028893
v -1.994578 -5.796451 1.990844
v -2.621598 -5.008355 1.938369
v -2.705603 -5.691401 1.912188
v -2.852052 -6.392856 1.876568
v -3.375902 -5.585480 1.742443
v -3.497882 -6.274786 1.735573
v -3.883042 -5.511841 1.492793
v -3.974673 -6.191191 1.527768
v -4.182658 -5.482175 1.272443
v -4.252782 -6.148860 1.337188
v -4.374638 -6.836910 1.394678
v -4.450192 -6.127371 1.141993
v -4.578307 -6.804565 1.204224
v -4.708858 -7.531810 1.226864
v -4.725692 -6.796350 0.977749
v -4.856873 -7.516595 1.009739
v -4.948217 -8.263186 1.003394
v -4.804832 -8.277925 1.213579
v -5.022532 -8.977446 0.979869
v -4.887558 -8.996276 1.187734
v -5.073462 -9.565870 0.916924
v -4.958683 -9.585850 1.114139
v -5.144212 -9.982890 0.879284
v -5.055193 -10.005945 1.053199
v -5.192627 -10.279785 0.861824
v -5.132387 -10.279635 1.025279
v -5.223672 -10.505625 0.856469
v -5.181612 -10.504036 0.998989
v -5.218707 -10.692185 0.858204
v -5.197883 -10.685875 0.983859
v -5.173827 -10.536031 0.716044
v -5.151237 -10.721470 0.737914
v -5.080893 -10.573330 0.597379
v -5.036747 -10.747605 0.628769
v -4.976478 -10.875735 0.675374
v -4.878147 -10.759020 0.526804
v -4.804462 -10.880956 0.582094
v -4.732208 -10.967695 0.678354
v -4.908962 -10.965090 0.753884
v -4.672018 -10.993111 0.817044
v -4.857252 -11.000815 0.861124
v -4.512572 -10.954246 0.606334
v -4.445503 -10.958235 0.769734
v -4.209497 -10.904070 0.524609
v -4.147347 -10.884235 0.709914
v -3.764148 -10.825851 0.426474
v -3.710358 -10.763340 0.628369
v -3.174198 -10.692345 0.287999
v -3.849648 -10.765575 0.242289
v -3.232492 -10.668585 0.090689
v -2.512683 -10.555335 -0.080531
v -3.303363 -10.556906 -0.066131
v -2.556863 -10.461180 -0.252731
v -1.782873 -10.329075 -0.340666
v -2.607297 -10.313450 -0.388106
v -1.827928 -10.181190 -0.479776
v -1.096537 -10.035870 -0.553391
v -1.886887 -10.000320 -0.597331
v -1.161467 -9.855486 -0.688906
v -0.470537 -9.750940 -0.794321
v -1.264727 -9.511061 -0.881896
v -0.562907 -9.400156 -1.031766
v 0.121623 -9.347755 -1.174311
v -0.668148 -8.888571 -1.266401
v 0.043113 -8.809680 -1.436851
v 0.739008 -8.777540 -1.585786
v -0.005102 -8.199205 -1.620371
v 0.740568 -8.155315 -1.768291
v 1.534488 -8.252790 -1.840086
v 1.441733 -8.839545 -1.673471
v 2.401753 -8.486341 -1.837857
v 2.206213 -9.040325 -1.701656
v 3.178473 -8.654996 -1.738016
v 2.491683 -7.828900 -1.922261
v 3.167727 -7.853975 -1.812636
v 3.692908 -7.794635 -1.617566
v 3.054993 -7.054420 -1.877512
v 3.624557 -7.021561 -1.651331
v 3.974967 -6.999750 -1.438066
v 3.573608 -6.297740 -1.689682
v 3.958927 -6.291935 -1.440882
v 4.212273 -6.297450 -1.208062
v 3.962458 -5.599995 -1.464571
v 4.230757 -5.609840 -1.215517
v 4.414567 -5.623370 -0.932357
v 4.244332 -4.918450 -1.226467
v 4.435968 -4.931520 -0.935212
v 4.516502 -4.944665 -0.594562
v 4.449213 -4.231111 -0.946877
v 4.531202 -4.241776 -0.598687
v 4.486027 -4.252891 -0.239982
v 4.540452 -3.520405 -0.611112
v 4.490828 -3.532975 -0.252297
v 4.336352 -3.554520 0.109303
v 4.460573 -2.810000 -0.256107
v 4.312902 -2.840065 0.111078
v 4.038398 -2.877395 0.519498
v 4.059343 -3.589301 0.514713
v 3.578708 -2.924640 0.955723
v 3.585232 -3.637545 0.953213
v 2.967952 -2.970666 1.317803
v 2.965062 -3.685105 1.312333
v 2.307353 -3.004175 1.579523
v 2.296678 -3.719925 1.576188
v 1.620728 -3.026896 1.767298
v 1.605927 -3.743425 1.769403
v 0.922037 -3.040035 1.900788
v 0.909328 -3.761235 1.906408
v 0.223388 -3.046560 1.994848
v 0.215783 -3.772225 2.003808
v 0.210383 -4.514180 1.996103
v -0.475357 -3.768605 2.076698
v -0.475627 -4.506840 2.050033
v -1.166572 -3.743095 2.128478
v -1.169322 -4.473400 2.085168
v -1.864737 -3.694895 2.089844
v -1.875373 -4.406095 2.066778
v -2.567137 -3.633240 1.969963
v -2.581033 -4.324986 1.956448
v -3.256932 -3.572095 1.758928
v -3.268113 -4.245330 1.753648
v -3.299043 -4.914256 1.747718
v -3.849788 -4.189765 1.441003
v -3.852288 -4.848361 1.460973
v -4.177718 -4.172925 1.172883
v -4.166688 -4.827220 1.212268
v -4.367767 -4.172640 0.964048
v -4.360003 -4.827745 1.005598
v -4.377273 -5.474945 1.068769
v -4.496502 -4.837665 0.787753
v -4.519012 -5.479421 0.845208
v -4.598932 -6.124165 0.913553
v -4.585717 -5.493626 0.593233
v -4.670708 -6.137871 0.656638
v -4.792147 -6.809055 0.719839
v -4.636527 -6.168146 0.393458
v -4.755447 -6.841406 0.456009
v -4.866982 -7.550625 0.495419
v -4.912107 -7.524151 0.754274
v -4.945817 -8.289326 0.507339
v -4.999897 -8.267210 0.756604
v -4.995223 -9.004300 0.498494
v -5.062382 -8.979895 0.736779
v -5.012112 -9.601915 0.485609
v -5.092657 -9.572841 0.694764
v -5.042922 -10.013451 0.502004
v -5.131183 -9.991825 0.680454
v -5.085828 -10.327190 0.559444
v -5.175862 -10.295100 0.692744
v -4.856728 -9.051160 0.293669
v -4.805908 -8.326591 0.286164
v -4.619197 -8.379855 0.081889
v -4.665368 -9.119116 0.098129
v -4.276307 -8.488701 -0.193851
v -4.323062 -9.247721 -0.134011
v -3.777353 -8.634041 -0.481826
v -3.735592 -9.369845 -0.420251
v -3.585342 -9.888391 -0.347691
v -2.940738 -9.307805 -0.702391
v -2.773618 -9.811291 -0.607566
v -2.667547 -10.128961 -0.495476
v -3.456603 -10.209400 -0.262056
v -3.376157 -10.396720 -0.177056
v -3.941733 -10.628190 0.110679
v -4.389167 -10.679140 0.260484
v -4.298682 -10.826526 0.365774
v -4.589872 -10.864435 0.481119
v -4.671602 -10.726110 0.401139
v -1.994143 -9.657966 -0.745991
v -2.137993 -9.162710 -0.903536
v -1.387797 -9.009745 -1.089761
v -2.296572 -8.553551 -1.022301
v -1.513302 -8.396396 -1.259971
v -0.759953 -8.279051 -1.455011
v -1.607852 -7.771220 -1.369786
v -0.816477 -7.650270 -1.562081
v -0.022532 -7.575681 -1.709376
v -0.845577 -7.026970 -1.601086
v -0.021022 -6.968315 -1.752061
v 0.825098 -6.966400 -1.943891
v 0.797662 -7.549681 -1.878482
v 1.650792 -7.030655 -2.018281
v 1.683177 -7.678936 -1.945536
v 2.388453 -7.066385 -1.996631
v 1.541333 -6.340075 -2.073702
v 2.271558 -6.331905 -2.053097
v 2.961428 -6.315540 -1.929157
v 2.190042 -5.629915 -2.091636
v 2.894922 -5.610001 -1.973696
v 3.532017 -5.598330 -1.733247
v 2.846112 -4.917181 -2.005557
v 3.497388 -4.906565 -1.772112
v 3.957083 -4.908515 -1.490042
v 3.464663 -4.216510 -1.786732
v 3.946807 -4.213615 -1.508797
v 4.247698 -4.219960 -1.247142
v 3.921728 -3.516140 -1.533072
v 4.241367 -3.511350 -1.260112
v 4.450912 -3.512400 -0.959932
v 4.198437 -2.798700 -1.279102
v 4.412237 -2.785555 -0.974222
v 4.506568 -2.788891 -0.620947
v 4.326528 -2.074310 -0.981017
v 4.425097 -2.073761 -0.622587
v 4.392267 -2.096930 -0.253487
v 4.316717 -1.383615 -0.620467
v 4.290772 -1.402351 -0.253252
v 4.157813 -1.431381 0.111598
v 4.248617 -2.130290 0.113433
v 3.910918 -1.464450 0.514133
v 3.987982 -2.168140 0.520028
v 3.493472 -1.503240 0.938408
v 3.548667 -2.212445 0.950393
v 2.918488 -1.543645 1.302903
v 2.951422 -2.256840 1.306638
v 2.284122 -1.579140 1.570208
v 2.297548 -2.291230 1.555638
v 1.620592 -1.605895 1.764833
v 1.620578 -2.317730 1.734948
v 0.943743 -1.621325 1.913593
v 0.929558 -2.331355 1.870568
v 0.260482 -1.620370 2.021703
v 0.235738 -2.332280 1.973493
v -0.426112 -1.608190 2.094158
v -0.454867 -2.322980 2.056433
v -0.469532 -3.041395 2.061388
v -1.147427 -2.301500 2.104283
v -1.161783 -3.017585 2.098258
v -1.846827 -2.271080 2.089028
v -1.859493 -2.982080 2.078303
v -2.547883 -2.235030 1.985698
v -2.560833 -2.937075 1.977093
v -3.230187 -2.198520 1.762578
v -3.249648 -2.889125 1.764833
v -3.809652 -2.167840 1.425623
v -3.832678 -2.852165 1.431008
v -3.845853 -3.527275 1.432683
v -4.164938 -2.834480 1.144773
v -4.181693 -3.510195 1.150673
v -4.336622 -2.826155 0.942643
v -4.361453 -3.504685 0.943288
v -4.453992 -2.820430 0.738268
v -4.483757 -3.502205 0.735718
v -4.500897 -4.179755 0.747833
v -4.552823 -3.502080 0.510648
v -4.564548 -4.187321 0.513848
v -4.558632 -4.850111 0.545168
v -4.537642 -4.192346 0.285283
v -4.526322 -4.861521 0.301423
v -4.554697 -5.515165 0.335843
v -4.423547 -4.871650 0.076543
v -4.444532 -5.539701 0.100423
v -4.518427 -6.207761 0.155518
v -4.276688 -5.569916 -0.119987
v -4.342818 -6.251736 -0.067067
v -4.443033 -6.939206 -0.000706
v -4.627518 -6.886976 0.218744
v -4.539983 -7.645630 0.050209
v -4.730453 -7.592235 0.266284
v -4.112577 -7.014331 -0.304981
v -4.201822 -7.734625 -0.243781
v -3.631703 -7.104175 -0.638837
v -3.715647 -7.847120 -0.561956
v -3.034203 -7.185401 -0.952706
v -3.106292 -7.939586 -0.843636
v -3.103812 -8.678185 -0.760411
v -2.409432 -7.925130 -1.101881
v -2.379883 -7.216855 -1.207461
v -1.652297 -7.135450 -1.438637
v -2.330533 -6.487890 -1.296556
v -1.625807 -6.459126 -1.480087
v -0.842443 -6.398561 -1.612417
v -1.591887 -5.771955 -1.528047
v -0.839507 -5.746591 -1.664047
v -0.081497 -5.725815 -1.890382
v -0.042422 -6.361225 -1.810427
v 0.692768 -5.689335 -2.047611
v 0.766183 -6.342811 -1.999722
v 1.454017 -5.655806 -2.110607
v 0.637778 -5.020145 -2.076676
v 1.393688 -4.977695 -2.133126
v 2.134188 -4.942161 -2.118706
v 1.350397 -4.300931 -2.149637
v 2.088318 -4.258626 -2.130607
v 2.804757 -4.230316 -2.010262
v 2.045303 -3.577826 -2.112022
v 2.765002 -3.550496 -1.995027
v 3.434527 -3.529551 -1.801187
v 2.733852 -2.871766 -2.014262
v 3.394912 -2.840526 -1.841667
v 3.875573 -2.816265 -1.564952
v 3.325317 -2.146735 -1.859362
v 3.791878 -2.116421 -1.580952
v 4.114047 -2.093051 -1.291877
v 3.692027 -1.422960 -1.572397
v 4.005797 -1.400861 -1.285122
v 4.215708 -1.385586 -0.976207
v 3.908082 -0.720280 -1.266912
v 4.115853 -0.711380 -0.965042
v 4.214597 -0.711790 -0.618007
v 4.029912 -0.047541 -0.943952
v 4.129717 -0.049925 -0.608507
v 4.117803 -0.057015 -0.257427
v 4.190888 -0.724425 -0.259497
v 3.999578 -0.068920 0.095203
v 4.069508 -0.744030 0.107523
v 3.780693 -0.084155 0.486883
v 3.835238 -0.769311 0.504188
v 3.398033 -0.103810 0.906268
v 3.438092 -0.799600 0.926488
v 2.849482 -0.124676 1.286998
v 2.881632 -0.832730 1.301903
v 2.236442 -0.143600 1.570378
v 2.260788 -0.862411 1.580098
v 1.595848 -0.160090 1.773588
v 1.610633 -0.886305 1.779833
v 0.940568 -0.171355 1.920438
v 0.947568 -0.899435 1.925458
v 0.275538 -0.173295 2.027458
v 0.275998 -0.899441 2.031338
v -0.396742 -0.169325 2.103368
v -0.404737 -0.891225 2.099908
v -1.074562 -0.163190 2.149888
v -1.093222 -0.879665 2.128518
v -1.119247 -1.590130 2.123458
v -1.788742 -0.860260 2.090533
v -1.820302 -1.563920 2.094028
v -2.487662 -0.836275 1.973123
v -2.522373 -1.533980 1.984583
v -3.173317 -0.813025 1.749908
v -3.205112 -1.504530 1.760853
v -3.742508 -0.789000 1.427488
v -3.778713 -1.479040 1.425043
v -4.057958 -0.773675 1.156063
v -4.106837 -1.464235 1.139133
v -4.147462 -2.151230 1.134923
v -4.266428 -1.456715 0.947298
v -4.309382 -2.143345 0.940898
v -4.379702 -1.450815 0.753003
v -4.422362 -2.137256 0.743798
v -4.446973 -1.446716 0.541338
v -4.488273 -2.132885 0.527493
v -4.520562 -2.816905 0.515853
v -4.456697 -2.133040 0.313588
v -4.490242 -2.818640 0.297833
v -4.521322 -3.505296 0.290618
v -4.375093 -2.825270 0.097003
v -4.400887 -3.511520 0.088213
v -4.417357 -4.194265 0.077903
v -4.226493 -3.520911 -0.146732
v -4.254137 -4.201221 -0.144497
v -4.262813 -4.883615 -0.142812
v -3.960568 -4.226285 -0.453692
v -3.955082 -4.917390 -0.448077
v -3.969523 -5.613630 -0.418932
v -3.511173 -4.966655 -0.794117
v -3.524777 -5.672746 -0.753742
v -3.567842 -6.383901 -0.703517
v -4.022593 -6.312085 -0.371612
v -2.943363 -5.734390 -1.098657
v -2.976803 -6.454861 -1.033216
v -2.301588 -5.773746 -1.380897
v -2.928737 -5.022891 -1.154817
v -2.289347 -5.066440 -1.459147
v -1.584808 -5.081360 -1.619262
v -2.289187 -4.358601 -1.506237
v -1.590683 -4.384205 -1.687737
v -0.870857 -4.391295 -1.844107
v -0.858192 -5.076616 -1.768777
v -0.140052 -4.381711 -1.986792
v -0.120927 -5.063170 -1.959952
v 0.602318 -4.344596 -2.092332
v -0.155497 -3.692666 -1.999852
v 0.575423 -3.663541 -2.102257
v 1.312032 -3.620856 -2.156447
v 0.548838 -2.976561 -2.104552
v 1.276783 -2.939431 -2.129872
v 2.007952 -2.903561 -2.061357
v 1.249458 -2.261446 -2.098342
v 1.974712 -2.227816 -2.087287
v 2.692802 -2.188031 -2.061477
v 1.936312 -1.540176 -2.148997
v 2.631158 -1.494340 -2.071347
v 3.240988 -1.452806 -1.851572
v 2.568067 -0.795035 -2.053097
v 3.165358 -0.760241 -1.824942
v 3.601923 -0.736951 -1.547217
v 3.104798 -0.067631 -1.794392
v 3.540673 -0.054686 -1.514532
v 3.835853 -0.049540 -1.239967
v 3.514953 0.626374 -1.485942
v 3.813692 0.621189 -1.219902
v 4.011263 0.613915 -0.939962
v 3.804557 1.295670 -1.207997
v 3.997713 1.281500 -0.930492
v 4.094238 1.274120 -0.609567
v 4.107013 0.609944 -0.610927
v 4.076452 1.272020 -0.270697
v 4.086838 0.607629 -0.264597
v 3.971062 1.272129 0.070448
v 3.973777 0.603290 0.079773
v 3.763757 1.271935 0.448793
v 3.757508 0.595574 0.463138
v 3.392032 1.270880 0.856588
v 3.377903 0.585175 0.877053
v 2.834123 1.271105 1.220258
v 2.827293 0.575880 1.249698
v 2.207863 1.275080 1.480498
v 2.216087 0.570830 1.537368
v 1.571118 1.283260 1.699718
v 1.578888 0.565364 1.752848
v 0.931352 1.290605 1.882593
v 0.930207 0.558930 1.910508
v 0.283468 1.296065 2.009583
v 0.273658 0.557245 2.020548
v -0.374027 1.298525 2.081738
v -0.389457 0.560795 2.096553
v -1.042087 1.293550 2.113678
v -1.059317 0.564219 2.140228
v -1.721372 1.276810 2.092458
v -1.738057 0.559810 2.099728
v -1.760643 -0.153955 2.104553
v -2.421242 0.553365 1.973553
v -2.446707 -0.142905 1.949063
v -3.098407 0.557590 1.761463
v -3.131763 -0.127075 1.736388
v -3.637732 0.571475 1.462753
v -3.702713 -0.104545 1.426973
v -3.959137 0.592434 1.188453
v -4.025068 -0.083480 1.157968
v -4.140502 0.616649 0.979198
v -4.194273 -0.069900 0.962753
v -4.226072 -0.766140 0.960843
v -4.313502 -0.062290 0.769188
v -4.343312 -0.761645 0.766333
v -4.388012 -0.059220 0.558743
v -4.414107 -0.758880 0.554148
v -4.363697 -0.063071 0.347693
v -4.386097 -0.760111 0.342603
v -4.416633 -1.447780 0.331318
v -4.281132 -0.765505 0.142228
v -4.311052 -1.453255 0.134323
v -4.347238 -2.138835 0.114323
v -4.150708 -1.462175 -0.092487
v -4.181287 -2.148476 -0.115437
v -4.205713 -2.835720 -0.133707
v -3.916823 -2.164565 -0.412472
v -3.941658 -2.852836 -0.425467
v -3.958242 -3.539750 -0.441472
v -3.521812 -2.880880 -0.795672
v -3.528758 -3.573725 -0.809782
v -3.519123 -4.268775 -0.811667
v -2.931707 -3.615355 -1.187882
v -2.932942 -4.317626 -1.193797
v -2.275932 -3.651970 -1.487072
v -2.921767 -2.917261 -1.177482
v -2.261497 -2.952501 -1.475632
v -1.575252 -2.984800 -1.698232
v -1.584767 -3.683835 -1.697452
v -0.875877 -3.003660 -1.870222
v -0.876022 -3.699750 -1.864167
v -0.167962 -3.000761 -2.004822
v -0.872102 -2.302876 -1.873182
v -0.176317 -2.302145 -2.004807
v 0.530528 -2.286251 -2.084127
v -0.172247 -1.599736 -2.008437
v 0.524968 -1.592031 -2.096897
v 1.232222 -1.575331 -2.135492
v 0.523713 -0.890216 -2.108147
v 1.211258 -0.872296 -2.161692
v 1.895958 -0.836591 -2.156982
v 1.189412 -0.158370 -2.160482
v 1.863168 -0.127416 -2.144092
v 2.521048 -0.093191 -2.030312
v 1.848723 0.582610 -2.132122
v 2.499273 0.609274 -2.002947
v 3.072218 0.624699 -1.768697
v 2.503512 1.307534 -1.980182
v 3.072048 1.315579 -1.733372
v 3.510988 1.309795 -1.463337
v 3.074468 1.996819 -1.663617
v 3.506213 1.988780 -1.415187
v 3.822193 1.971634 -1.188052
v 3.526173 2.657910 -1.400937
v 3.842523 2.650505 -1.171272
v 4.057858 2.643625 -0.912367
v 4.030548 1.955335 -0.916692
v 4.148627 2.637280 -0.594887
v 4.133548 1.949064 -0.596532
v 4.136717 2.635345 -0.261847
v 4.117867 1.947680 -0.259997
v 4.038277 2.636904 0.070073
v 4.007478 1.949014 0.070993
v 3.835403 2.641130 0.444243
v 3.794317 1.952785 0.440443
v 3.466347 2.651384 0.856638
v 3.421078 1.958235 0.846263
v 2.931607 2.668755 1.250198
v 2.867578 1.965420 1.220568
v 2.319032 2.692669 1.529538
v 2.257758 1.977410 1.516313
v 1.675078 2.722209 1.720548
v 1.619717 2.001199 1.731843
v 1.016513 2.748745 1.866448
v 0.970132 2.022880 1.889473
v 0.350443 2.760045 1.987548
v 0.314083 2.033685 2.002698
v -0.332182 2.755325 2.020548
v -0.352112 2.034105 2.065048
v -1.019238 2.735245 2.048233
v -1.027152 2.019630 2.097658
v -1.707142 2.704305 2.058588
v -1.709422 1.993745 2.083098
v -2.386898 2.675335 1.984503
v -2.386487 1.969845 1.992873
v -2.400048 1.259624 1.991218
v -3.031793 1.955344 1.798198
v -3.055227 1.252070 1.784773
v -3.539832 1.948610 1.518453
v -3.558862 1.255125 1.491723
v -3.847442 1.941585 1.268078
v -3.852108 1.261215 1.219838
v -4.034312 1.929299 1.044993
v -4.030327 1.273500 0.991008
v -4.167872 1.920549 0.811448
v -4.149603 1.289245 0.771738
v -4.259548 0.639430 0.773898
v -4.213528 1.295720 0.540813
v -4.334383 0.647665 0.554718
v -4.210423 1.292250 0.301218
v -4.316113 0.638335 0.334688
v -4.131542 1.276579 0.067883
v -4.220483 0.613354 0.121188
v -4.261302 -0.072945 0.146303
v -4.070032 0.584185 -0.106187
v -4.110813 -0.088485 -0.071757
v -4.131747 -0.774676 -0.071987
v -3.828567 -0.114616 -0.401022
v -3.852158 -0.793731 -0.390197
v -3.881627 -1.478161 -0.398297
v -3.431848 -0.819430 -0.769022
v -3.467072 -1.502385 -0.772772
v -3.499792 -2.189785 -0.784697
v -2.874863 -1.533120 -1.161722
v -2.903472 -2.223275 -1.169162
v -2.220202 -1.562145 -1.469297
v -2.243463 -2.256476 -1.469672
v -1.544763 -1.585801 -1.701722
v -1.562313 -2.285316 -1.699662
v -0.860962 -1.598930 -1.876152
v -1.523422 -0.886631 -1.703872
v -0.846477 -0.894731 -1.882297
v -0.163807 -0.895510 -2.014242
v -0.837157 -0.188186 -1.889247
v -0.162367 -0.186346 -2.022662
v 0.513638 -0.177900 -2.116377
v -0.162842 0.528369 -2.029337
v 0.507468 0.538999 -2.120177
v 1.178768 0.557595 -2.160312
v 0.508743 1.256949 -2.124657
v 1.179438 1.271055 -2.156642
v 1.850093 1.288724 -2.117782
v 1.195148 1.982060 -2.163137
v 1.865108 1.990010 -2.121557
v 2.508287 1.996874 -1.939877
v 1.900213 2.691869 -2.142812
v 2.538058 2.680790 -1.954572
v 3.091688 2.669684 -1.654377
v 2.589027 3.372704 -1.987567
v 3.136528 3.345875 -1.729582
v 3.561987 3.331149 -1.459022
v 3.183503 4.037054 -1.782097
v 3.607142 4.012909 -1.511032
v 3.918128 4.003380 -1.230272
v 3.887268 3.327339 -1.199807
v 4.128942 4.004344 -0.942017
v 4.102013 3.331914 -0.926777
v 4.250162 4.008724 -0.614462
v 4.219518 3.327065 -0.607962
v 4.248972 4.006130 -0.267012
v 4.203538 3.320735 -0.266187
v 4.154997 4.011790 0.091233
v 4.095557 3.321549 0.079643
v 3.945493 4.029970 0.483713
v 3.888968 3.331890 0.460038
v 3.581938 4.060195 0.884958
v 3.523812 3.352449 0.876853
v 3.032293 4.100589 1.251568
v 2.987068 3.383060 1.252953
v 2.408283 4.139845 1.526333
v 2.367702 3.416174 1.524793
v 1.750728 4.173224 1.716213
v 1.718377 3.446775 1.708698
v 1.077672 4.192650 1.851058
v 1.052137 3.469204 1.839173
v 0.395473 4.192474 1.951993
v 0.377198 3.475459 1.953673
v -0.299527 4.169324 1.974833
v -0.313457 3.462575 1.960098
v -1.004462 4.137635 1.949093
v -1.012862 3.436544 1.958198
v -1.706622 4.108550 2.011118
v -1.708262 3.408230 2.020313
v -2.402348 4.078915 1.980083
v -2.394767 3.377084 1.974708
v -3.062482 4.048894 1.805348
v -3.050762 3.349154 1.797913
v -3.033283 2.653989 1.799498
v -3.567398 3.326010 1.536888
v -3.559483 2.637205 1.525978
v -3.886578 3.309454 1.295723
v -3.878282 2.622694 1.281593
v -4.099442 3.299710 1.081838
v -4.083772 2.606730 1.067608
v -4.251652 3.293720 0.854803
v -4.229117 2.593129 0.839083
v -4.326907 3.289845 0.596773
v -4.303038 2.589845 0.582843
v -4.234492 1.921429 0.555153
v -4.286448 2.595315 0.316578
v -4.220827 1.927875 0.293648
v -4.187138 2.605629 0.063653
v -4.137263 1.936880 0.046448
v -4.013038 2.613645 -0.190242
v -3.981292 1.942775 -0.204017
v -3.995457 1.258420 -0.166432
v -3.710582 1.937885 -0.522467
v -3.729748 1.243320 -0.492987
v -3.789048 0.557790 -0.440317
v -3.322372 1.231084 -0.869482
v -3.363173 0.539110 -0.830317
v -3.402088 -0.141100 -0.790732
v -2.789688 0.525885 -1.210657
v -2.812157 -0.163125 -1.173557
v -2.838507 -0.847241 -1.153562
v -2.171032 -0.177695 -1.482047
v -2.191458 -0.869780 -1.465842
v -1.508237 -0.185940 -1.713827
v -2.155957 0.519569 -1.507407
v -1.498567 0.519354 -1.729812
v -0.832437 0.522464 -1.900112
v -1.486753 1.229129 -1.745357
v -0.824612 1.236895 -1.912797
v -0.159037 1.245929 -2.039537
v -0.810827 1.954054 -1.924772
v -0.144912 1.964765 -2.049777
v 0.524293 1.974420 -2.132507
v -0.117172 2.681369 -2.048762
v 0.555823 2.690469 -2.137522
v 1.228312 2.694779 -2.172002
v 0.595148 3.404224 -2.140877
v 1.271387 3.409590 -2.177272
v 1.941753 3.399309 -2.140447
v 1.318393 4.126250 -2.177412
v 1.988472 4.113420 -2.145307
v 2.632077 4.077089 -2.014077
v 2.041063 4.835195 -2.118512
v 2.680547 4.793979 -2.004382
v 3.238213 4.740145 -1.792372
v 2.748063 5.510209 -1.967192
v 3.321332 5.450875 -1.806377
v 3.730068 5.397180 -1.573722
v 3.647503 4.699760 -1.537602
v 4.021488 5.352995 -1.316057
v 3.951023 4.677345 -1.272482
v 4.228952 5.333280 -1.017747
v 4.169778 4.670884 -0.979822
v 4.348927 5.337975 -0.674147
v 4.283788 4.675765 -0.638667
v 4.362417 5.360640 -0.311457
v 4.289463 4.687050 -0.281907
v 4.270682 5.393800 0.050468
v 4.199743 4.705115 0.080858
v 4.051542 5.431469 0.430098
v 3.985233 4.733569 0.462583
v 3.671942 5.476825 0.828717
v 3.617728 4.770824 0.860523
v 3.116283 5.528634 1.204417
v 3.070592 4.816554 1.235088
v 2.477602 5.574744 1.485118
v 2.441613 4.860094 1.513768
v 1.792338 5.612430 1.674873
v 1.771423 4.896484 1.708338
v 1.091418 5.639925 1.825098
v 1.085312 4.918540 1.852118
v 0.387883 5.646434 1.952613
v 0.396083 4.918205 1.954723
v -0.315152 5.612729 2.025623
v -0.300997 4.883894 2.015568
v -1.014297 5.565010 2.044923
v -1.002602 4.842576 2.011248
v -1.711153 5.522179 2.027848
v -1.703982 4.810180 2.001133
v -2.402472 5.482170 1.952843
v -2.397127 4.779654 1.947528
v -3.064812 5.439380 1.781608
v -3.060372 4.746399 1.778303
v -3.612163 5.404155 1.516088
v -3.579382 4.719680 1.510653
v -3.569922 4.024539 1.535693
v -3.896887 4.702584 1.264263
v -3.878657 4.008305 1.296833
v -4.111357 4.685440 1.051143
v -4.089757 3.996325 1.082593
v -4.266043 4.668434 0.829463
v -4.246412 3.986199 0.856308
v -4.347298 4.656765 0.575863
v -4.327052 3.976934 0.596088
v -4.334433 4.652005 0.310613
v -4.306492 3.970015 0.325488
v -4.306753 3.288030 0.328763
v -4.209218 3.965375 0.072993
v -4.207812 3.286479 0.073938
v -4.046037 3.965500 -0.192132
v -4.041032 3.286224 -0.190987
v -3.764488 3.970659 -0.542252
v -3.748962 3.290060 -0.538987
v -3.721002 2.617905 -0.519742
v -3.308507 3.295955 -0.917022
v -3.289173 2.617809 -0.894532
v -3.298827 1.930044 -0.891352
v -2.727572 2.621865 -1.247982
v -2.745492 1.926820 -1.256472
v -2.762837 1.224055 -1.236172
v -2.123832 1.930420 -1.544007
v -2.139062 1.224224 -1.527067
v -1.473053 1.940475 -1.760907
v -2.109097 2.632064 -1.541037
v -1.456468 2.648994 -1.756872
v -0.788797 2.668050 -1.920467
v -1.451038 3.350610 -1.756807
v -0.771197 3.371394 -1.912152
v -0.086247 3.390140 -2.043077
v -0.759372 4.064714 -1.924307
v -0.060687 4.087999 -2.051222
v 0.633858 4.113729 -2.141732
v -0.033657 4.784349 -2.049212
v 0.668288 4.818939 -2.128297
v 1.363323 4.842040 -2.154362
v 0.698383 5.525475 -2.099293
v 1.399267 5.556510 -2.111467
v 2.090333 5.553129 -2.062177
v 1.423388 6.270774 -2.042452
v 2.122128 6.256619 -1.980837
v 2.796957 6.205325 -1.874377
v 2.152292 6.950595 -1.856363
v 2.828388 6.887495 -1.756137
v 3.410723 6.817309 -1.608407
v 3.380312 6.146340 -1.731582
v 3.870453 6.769039 -1.425347
v 3.849903 6.092995 -1.562852
v 4.175193 6.749804 -1.241182
v 4.163703 6.046304 -1.334298
v 4.384978 6.732175 -0.993043
v 4.371418 6.015289 -1.051492
v 4.484928 6.721475 -0.689348
v 4.479933 6.011839 -0.719132
v 4.466638 6.728270 -0.359468
v 4.488373 6.034904 -0.358192
v 4.354938 6.750415 -0.035937
v 4.373922 6.071959 0.003283
v 4.137137 6.797255 0.311652
v 4.138647 6.116380 0.377763
v 3.763058 6.872165 0.710822
v 3.720793 6.173800 0.783337
v 3.211213 6.953094 1.094103
v 3.163347 6.237405 1.159203
v 2.562743 7.006774 1.378262
v 2.519438 6.288569 1.443768
v 1.859238 7.033455 1.593117
v 1.823097 6.322500 1.632813
v 1.123873 7.057360 1.738948
v 1.102108 6.351954 1.778233
v 0.383103 7.078859 1.866257
v 0.378683 6.368535 1.912313
v -0.354672 7.077729 1.958883
v -0.335877 6.347985 2.012537
v -1.080757 7.052720 2.003412
v -1.043157 6.303864 2.039953
v -1.785532 7.013000 1.994597
v -1.738622 6.254270 2.028597
v -2.465422 6.949524 1.928737
v -2.423603 6.200300 1.954093
v -3.111938 6.874520 1.774283
v -3.080418 6.142240 1.788463
v -3.603367 6.820510 1.535993
v -3.615853 6.100235 1.534413
v -3.902003 6.791645 1.286703
v -3.944817 6.082639 1.295433
v -3.945218 5.386600 1.278533
v -4.150373 6.082449 1.084143
v -4.166253 5.376420 1.067293
v -4.293063 6.087625 0.866798
v -4.326797 5.370169 0.848818
v -4.370288 6.085965 0.621468
v -4.409613 5.366514 0.595183
v -4.358597 6.078535 0.365558
v -4.395213 5.364069 0.329488
v -4.264907 6.066684 0.121403
v -4.292172 5.361859 0.080103
v -4.243233 4.653805 0.057963
v -4.126943 5.360319 -0.164037
v -4.086792 4.657774 -0.194652
v -3.832192 5.356194 -0.497907
v -3.800393 4.662325 -0.531537
v -3.401173 5.350440 -0.865657
v -3.367893 4.666135 -0.902317
v -3.340638 3.977850 -0.934102
v -2.794607 4.676320 -1.257432
v -2.779922 3.992295 -1.300992
v -2.740732 3.307895 -1.266677
v -2.137987 4.015484 -1.575577
v -2.112522 3.327430 -1.549067
v -1.455603 4.042085 -1.773852
v -2.141512 4.693275 -1.527472
v -1.448053 4.718719 -1.740697
v -0.738662 4.750375 -1.915137
v -1.458457 5.382964 -1.709198
v -0.733372 5.422810 -1.883283
v -0.010037 5.478650 -2.017677
v -0.753147 6.085124 -1.846917
v -0.013517 6.158159 -1.965877
v 0.713928 6.230030 -2.035497
v -0.038317 6.827884 -1.901942
v 0.708808 6.910910 -1.921423
v 1.443968 6.965770 -1.898858
v 0.702573 7.569165 -1.798198
v 1.472623 7.635844 -1.755498
v 2.207373 7.647515 -1.722283
v 1.487658 8.283915 -1.633558
v 2.272998 8.342464 -1.599603
v 2.969522 8.281924 -1.563578
v 2.877038 7.581200 -1.656188
v 3.557618 8.165180 -1.469303
v 3.455927 7.486314 -1.505363
v 3.918368 8.090631 -1.304243
v 3.881638 7.429350 -1.320893
v 4.182808 8.054990 -1.128918
v 4.141868 7.409520 -1.141013
v 4.382427 8.042540 -0.909878
v 4.341503 7.400270 -0.915343
v 4.485457 8.050385 -0.639328
v 4.442317 7.399405 -0.631407
v 4.471693 8.084444 -0.352308
v 4.428823 7.413874 -0.325773
v 4.355158 8.147799 -0.085883
v 4.325423 7.448345 -0.032478
v 4.169767 8.237394 0.165457
v 4.140642 7.508134 0.267067
v 3.827602 8.348200 0.457677
v 3.804932 7.595980 0.616242
v 3.317472 8.449080 0.777762
v 3.265653 7.689139 0.975562
v 2.638378 8.437355 1.096407
v 2.612333 7.730000 1.261277
v 1.887118 8.413455 1.337702
v 1.889938 7.735625 1.488317
v 1.134392 8.420500 1.520287
v 1.139578 7.748785 1.651537
v 0.386173 8.448070 1.668702
v 0.387847 7.773715 1.788852
v -0.367452 8.469265 1.775812
v -0.366122 7.789695 1.889142
v -1.136083 8.488324 1.826262
v -1.118277 7.792755 1.935007
v -0.378497 9.114589 1.580562
v -1.113147 9.130929 1.628152
v -0.410652 9.631269 1.292637
v -1.109267 9.628590 1.333377
v -1.795968 9.666374 1.346507
v -1.120497 9.943464 1.007232
v -1.775308 9.969580 1.033582
v -2.428648 9.964134 0.986442
v -2.475252 9.726530 1.234747
v -3.038098 10.034189 0.900137
v -3.103787 9.846850 1.078477
v -3.550453 10.171335 0.812667
v -3.591772 10.021544 0.940127
v -3.971478 10.281034 0.724312
v -3.512672 10.292726 0.666407
v -3.933347 10.368441 0.636972
v -4.197642 10.382469 0.623622
v -4.187847 10.289204 0.706737
v -4.330527 10.367050 0.622802
v -4.334328 10.273900 0.691367
v -4.346693 10.156364 0.754752
v -4.442642 10.254833 0.671072
v -4.448903 10.141745 0.720712
v -4.362168 9.878329 0.843732
v -4.214882 9.911925 0.897037
v -4.128287 9.472554 1.027067
v -3.987138 9.590739 1.067977
v -3.857973 8.947470 1.217012
v -4.263577 9.381684 0.947477
v -4.032983 8.829245 1.093557
v -3.929142 8.182739 1.168722
v -3.683362 8.288620 1.370772
v -3.887417 7.498169 1.237062
v -3.619843 7.555229 1.474522
v -4.077812 8.129199 0.999367
v -4.055458 7.464590 1.039172
v -4.089663 6.780949 1.074082
v -4.177867 7.441849 0.847462
v -4.220682 6.777985 0.866302
v -4.248077 7.424180 0.632007
v -4.298443 6.771675 0.633722
v -4.233282 7.413744 0.406757
v -4.287627 6.760929 0.389197
v -4.144588 7.408505 0.193347
v -4.194588 6.746754 0.159298
v -4.009092 7.405274 -0.020933
v -4.047207 6.733585 -0.078183
v -4.117332 6.053775 -0.115287
v -3.804563 6.725034 -0.393858
v -3.836027 6.041899 -0.455537
v -3.450382 6.718255 -0.757003
v -3.428882 6.030775 -0.824587
v -2.929702 6.706759 -1.134308
v -2.865918 6.023205 -1.182008
v -2.822173 5.350840 -1.217422
v -2.208477 6.024650 -1.469482
v -2.163558 5.360549 -1.496167
v -1.493143 6.041525 -1.682513
v -2.273333 6.692265 -1.424937
v -1.538053 6.690809 -1.644623
v -0.787522 6.741260 -1.812957
v -1.565312 7.323909 -1.575358
v -0.814857 7.390564 -1.739857
v -0.062032 7.485060 -1.813043
v -0.806623 8.039949 -1.620943
v -0.068992 8.126644 -1.673523
v 0.697028 8.204015 -1.660632
v -0.063077 8.767504 -1.513278
v 0.677882 8.826705 -1.492628
v 1.450348 8.903315 -1.487123
v 0.662273 9.422210 -1.282573
v 1.396538 9.468115 -1.253133
v 0.659543 9.854290 -1.010818
v 1.362883 9.860504 -0.988803
v 0.669033 10.127249 -0.741378
v 1.352697 10.105865 -0.745318
v 2.044858 10.182869 -0.822683
v 2.738432 10.326486 -0.870048
v 1.363378 10.273983 -0.483523
v 2.028223 10.351839 -0.567538
v 2.696127 10.502095 -0.629083
v 3.278298 10.651140 -0.638738
v 3.281803 10.484259 -0.867108
v 2.051753 10.431395 -0.275938
v 2.713472 10.556040 -0.352763
v 3.320863 10.689936 -0.383863
v 3.763263 10.707774 -0.434603
v 3.700492 10.727051 -0.651373
v 2.775898 10.482523 -0.084843
v 3.408403 10.580408 -0.166108
v 3.859932 10.571985 -0.263083
v 4.180288 10.494841 -0.378693
v 4.108837 10.677209 -0.489258
v 3.518748 10.398641 0.011927
v 3.941907 10.334620 -0.100268
v 4.258872 10.249989 -0.250808
v 4.470343 10.174305 -0.421138
v 4.072788 10.029244 -0.016448
v 4.351943 9.903249 -0.161303
v 4.546752 9.812520 -0.359838
v 4.628838 9.769970 -0.566778
v 4.610708 10.091360 -0.578918
v 4.400917 9.416564 -0.135278
v 4.565042 9.339505 -0.358323
v 4.618263 9.333284 -0.594693
v 4.556437 9.300420 -0.841898
v 4.604307 9.711514 -0.803968
v 4.535172 8.759884 -0.389218
v 4.574718 8.711714 -0.654693
v 4.478447 8.693984 -0.909258
v 4.289433 8.705165 -1.117093
v 4.378013 9.298385 -1.043323
v 4.116888 9.313644 -1.179568
v 4.206287 9.700120 -1.129328
v 4.443023 9.694010 -0.997883
v 4.030228 8.750020 -1.270498
v 4.312807 9.999520 -1.075848
v 4.510987 10.002344 -0.964498
v 4.631398 10.031495 -0.780543
v 4.407692 8.836240 -0.146328
v 4.122703 9.517119 0.065097
v 4.194388 8.947560 0.058862
v 3.695743 9.616920 0.245202
v 3.848028 9.092964 0.290907
v 3.143312 9.722235 0.455427
v 3.284528 9.152085 0.585312
v 2.415717 9.642030 0.718537
v 2.564772 9.083440 0.922172
v 1.693243 9.610005 0.893427
v 1.813717 9.047850 1.142962
v 0.995273 9.632520 1.063862
v 1.080818 9.063534 1.326382
v 0.301408 9.655799 1.234677
v 0.359608 9.103170 1.497222
v 0.914463 10.010254 0.790292
v 0.235438 10.022349 0.930957
v -0.453367 9.972025 0.987157
v 0.171788 10.248030 0.630807
v -0.498602 10.187244 0.676432
v -1.141453 10.146429 0.693022
v -0.539792 10.306525 0.342397
v -1.166708 10.264795 0.369322
v -1.782658 10.261669 0.440977
v -1.770097 10.149496 0.738822
v -2.391407 10.226610 0.482922
v -2.399328 10.122240 0.748532
v -2.971208 10.275841 0.477777
v -2.993553 10.178819 0.705847
v -3.498948 10.365009 0.493472
v -2.978827 10.282350 0.237922
v -3.514533 10.367599 0.307357
v -3.929332 10.425096 0.381357
v -3.921227 10.424995 0.516882
v -4.172957 10.448580 0.428747
v -4.174523 10.444096 0.537292
v -4.330702 10.448429 0.457782
v -4.327573 10.435659 0.549867
v -4.442608 10.439156 0.483547
v -4.435282 10.414860 0.558377
v -4.442653 10.350189 0.615967
v -4.521893 10.234385 0.648192
v -4.579912 10.207359 0.609127
v -4.579187 10.068094 0.652442
v -4.518318 10.105414 0.699152
v -4.538157 9.790899 0.733007
v -4.452997 9.827174 0.800022
v -4.383348 9.316819 0.846152
v -4.591183 9.765244 0.634967
v -4.471488 9.275974 0.715747
v -4.302342 8.701355 0.784032
v -4.182317 8.751610 0.946862
v -4.197793 8.088480 0.819767
v -4.354643 8.674709 0.595697
v -4.266812 8.062860 0.620522
v -4.325858 8.671519 0.405657
v -4.249837 8.052165 0.414217
v -4.225267 8.685699 0.231507
v -4.161683 8.055480 0.225912
v -4.088307 8.714215 0.069412
v -4.028497 8.069915 0.040467
v -3.778573 7.413485 -0.322618
v -3.482627 7.427125 -0.663898
v -3.016638 7.415009 -1.038463
v -2.268692 7.966295 -1.256923
v -2.333148 7.357640 -1.349383
v -1.519172 7.960065 -1.472943
v -2.145912 8.573295 -1.133363
v -1.470007 8.618324 -1.321643
v -0.782812 8.693494 -1.457323
v -1.417037 9.246234 -1.106743
v -0.748557 9.303075 -1.219473
v -0.054642 9.378389 -1.305728
v -0.703062 9.745615 -0.932533
v -0.033607 9.817479 -1.028448
v -0.657232 10.033669 -0.645588
v -0.006447 10.103674 -0.717268
v -0.612522 10.222349 -0.347618
v 0.022978 10.284615 -0.402573
v 0.686388 10.311379 -0.452223
v 0.059888 10.379236 -0.058288
v 0.721188 10.401211 -0.126388
v 1.396062 10.356054 -0.188373
v 0.778083 10.379993 0.209387
v 1.449733 10.328924 0.116922
v 2.112262 10.387070 0.022582
v 1.518278 10.192640 0.400282
v 2.195937 10.235264 0.288062
v 2.870578 10.315886 0.146717
v 2.292537 10.010565 0.502077
v 2.997828 10.075231 0.324957
v 3.594332 10.071280 0.192142
v 1.594087 9.972045 0.640527
v 0.845298 10.239840 0.522212
v 0.109613 10.369134 0.297412
v -0.574272 10.320735 -0.009963
v -1.241482 10.202721 -0.290848
v -1.197887 10.295024 0.031127
v -1.857368 10.186670 -0.173328
v -1.814222 10.284076 0.125407
v -2.437593 10.136480 -0.067748
v -2.407012 10.238304 0.200477
v -3.012328 10.186588 0.011902
v -2.477697 9.950745 -0.298598
v -3.068172 10.017300 -0.176968
v -3.620092 10.150270 0.014502
v -3.555472 10.292370 0.142852
v -4.003928 10.258400 0.175527
v -3.956792 10.363720 0.259882
v -4.243078 10.305044 0.276732
v -4.194808 10.390461 0.331222
v -4.380162 10.316520 0.335137
v -4.350743 10.399175 0.378562
v -4.475527 10.308914 0.382572
v -4.457253 10.391624 0.417162
v -4.403083 10.197088 0.299147
v -4.500328 10.206056 0.362712
v -4.563103 10.190964 0.413727
v -4.607772 10.182669 0.477097
v -4.506207 10.023088 0.336117
v -4.573767 10.042875 0.408697
v -4.609818 10.030443 0.489512
v -4.614232 10.038924 0.579397
v -4.614573 10.189219 0.549887
v -4.557812 9.757865 0.411977
v -4.597202 9.754010 0.519522
v -4.463133 9.262474 0.401562
v -4.500113 9.256140 0.561132
v -4.493992 9.785444 0.326062
v -4.366202 9.288215 0.266687
v -4.375743 9.744934 0.222902
v -4.242147 9.290359 0.146047
v -4.415532 10.022299 0.265952
v -4.269917 10.188015 0.226302
v -4.072457 10.146804 0.133302
v -3.705127 9.980649 -0.069428
v -3.154672 9.791860 -0.321953
v -2.535307 9.683035 -0.512133
v -1.957682 9.686205 -0.663498
v -2.029828 9.186514 -0.929393
v -1.905982 9.984639 -0.428093
v -1.299883 10.013499 -0.566798
v -1.355692 9.723260 -0.826958
v 4.040372 10.745180 -0.672073
v 3.987073 10.646744 -0.863688
v 3.664988 10.600834 -0.852283
vn 0.4664 -0.8700 -0.1597
vn 0.8664 -0.4064 -0.2900
vn 0.6512 -0.6325 0.4194
vn 0.1105 -0.9939 -0.0061
vn 0.0333 -0.8239 -0.5657
vn 0.2526 -0.5791 -0.7751
vn 0.3138 0.3825 -0.8690
vn 0.7257 0.1578 -0.6697
vn 0.3775 0.1744 -0.9094
vn 0.1536 0.2747 -0.9492
vn 0.1079 0.5007 -0.8589
vn 0.1926 0.7605 -0.6201
vn 0.5460 0.5120 -0.6631
vn -0.2915 -0.6399 0.7110
vn -0.1195 -0.4810 0.8686
vn -0.4509 -0.3348 0.8274
vn -0.1563 -0.9830 0.0965
vn -0.0465 -0.7797 0.6245
vn -0.8639 -0.3123 0.3953
vn -0.5070 -0.7935 0.3366
vn -0.5247 -0.1898 -0.8298
vn -0.6534 -0.0711 -0.7536
vn -0.5009 -0.1784 -0.8469
vn -0.3807 -0.3546 -0.8540
vn -0.4459 -0.3415 -0.8274
vn -0.5583 -0.2757 -0.7825
vn -0.6393 -0.1291 -0.7581
vn 0.0249 0.3481 -0.9371
vn 0.1636 0.1668 -0.9723
vn 0.0109 0.3147 -0.9491
vn -0.1149 0.4985 -0.8592
vn -0.0328 0.5334 -0.8452
vn 0.7465 0.4781 0.4627
vn 0.3969 0.9178 -0.0063
vn 0.4875 0.6417 0.5921
vn 0.5876 0.3913 0.7082
vn 0.8395 0.2496 0.4826
vn 0.8080 0.5751 -0.1280
vn 0.4748 -0.2850 0.8327
vn 0.2868 -0.4571 0.8419
vn 0.4088 -0.3920 0.8242
vn 0.5953 -0.1935 0.7799
vn 0.5322 -0.1711 0.8291
vn 0.3991 -0.2802 0.8730
vn -0.6755 -0.6982 -0.2371
vn -0.6214 -0.4816 -0.6180
vn -0.3724 -0.8140 -0.4458
vn -0.8901 -0.3544 -0.2864
vn -0.4355 -0.1681 -0.8844
vn -0.3486 -0.2918 -0.8907
vn -0.5726 -0.0884 -0.8150
vn -0.6204 0.5465 0.5626
vn -0.3611 0.4443 0.8199
vn -0.3206 0.7394 0.5920
vn -0.4432 0.8942 -0.0627
vn -0.8325 0.5519 -0.0486
vn -0.9666 0.2068 0.1516
vn -0.6813 0.2984 0.6684
vn -0.7503 0.4486 -0.4857
vn -0.6060 0.2777 -0.7454
vn -0.8806 0.2080 -0.4258
vn -0.5197 0.5754 -0.6316
vn 0.5608 -0.2728 -0.7817
vn 0.9816 -0.1606 -0.1037
vn -0.0752 0.5747 0.8149
vn -0.2171 0.4071 0.8872
vn -0.1384 0.4911 0.8600
vn -0.2197 0.3477 0.9115
vn -0.1116 0.4753 0.8727
vn -0.1886 0.2308 0.9545
vn -0.0344 0.3852 0.9222
vn -0.1221 0.4315 0.8938
vn -0.2219 0.3190 0.9214
vn -0.1744 0.1191 0.9774
vn -0.0663 0.2130 0.9748
vn -0.3601 0.1363 0.9229
vn -0.0808 -0.1657 0.9829
vn 0.1015 -0.2970 0.9495
vn 0.0832 -0.3083 0.9477
vn -0.0367 -0.1848 0.9821
vn 0.0771 -0.2947 0.9525
vn 0.2367 -0.4941 0.8366
vn 0.1763 -0.4429 0.8791
vn 0.0518 -0.3297 0.9427
vn -0.0906 -0.1813 0.9792
vn -0.1162 -0.2277 0.9668
vn 0.1811 -0.4476 0.8757
vn 0.0711 -0.3007 0.9511
vn -0.0428 -0.3754 0.9259
vn 0.1257 -0.4539 0.8821
vn -0.3992 0.2291 -0.8878
vn -0.6464 0.1024 -0.7561
vn -0.5498 0.1177 -0.8270
vn -0.3611 0.3047 -0.8814
vn -0.5233 0.0809 -0.8483
vn -0.6749 0.0036 -0.7379
vn -0.5693 0.0653 -0.8195
vn -0.4177 0.2508 -0.8733
vn -0.4882 0.1216 -0.8642
vn -0.6045 -0.0173 -0.7964
vn -0.3946 0.2444 -0.8857
vn -0.0520 0.3899 -0.9194
vn -0.1039 0.4800 -0.8711
vn 0.0103 0.2795 -0.9601
vn 0.0063 0.2831 -0.9591
vn 0.1646 0.1437 -0.9758
vn 0.0129 0.2477 -0.9687
vn 0.0909 0.1858 -0.9784
vn 0.3387 -0.3364 0.8787
vn 0.4760 -0.2205 0.8513
vn 0.6695 -0.1168 0.7335
vn 0.3545 -0.2915 0.8885
vn 0.5451 -0.1898 0.8166
vn 0.4122 -0.2566 0.8742
vn 0.5731 -0.1754 0.8005
vn 0.4314 -0.2144 0.8763
vn 0.3198 -0.2881 0.9026
vn 0.2825 -0.3485 0.8937
vn 0.2440 -0.2959 0.9235
vn 0.2249 -0.3800 0.8972
vn 0.2206 -0.4624 0.8588
vn 0.2567 -0.4127 0.8740
vn 0.1860 -0.4956 0.8484
vn 0.1656 -0.5888 0.7911
vn 0.1784 -0.5548 0.8126
vn 0.1319 -0.6816 0.7197
vn 0.1449 -0.6547 0.7418
vn 0.2165 -0.5100 0.8325
vn 0.1901 -0.6170 0.7637
vn 0.1135 -0.7688 0.6294
vn 0.1626 -0.7628 0.6259
vn 0.2765 -0.5887 0.7596
vn 0.2911 -0.7222 0.6274
vn 0.4422 -0.5205 0.7305
vn 0.5295 -0.5998 0.5998
vn 0.6442 -0.4209 0.6386
vn 0.5677 -0.3084 0.7633
vn 0.7322 -0.2173 0.6455
vn 0.8749 -0.0712 0.4790
vn 0.7205 -0.1179 0.6834
vn 0.8861 -0.2706 0.3763
vn 0.9058 -0.1461 0.3977
vn 0.9812 -0.1735 -0.0850
vn 0.8315 -0.3724 0.4123
vn 0.9930 -0.1145 0.0294
vn 0.9305 0.0184 -0.3658
vn 0.9920 -0.0264 0.1233
vn 0.8559 -0.1233 -0.5023
vn 0.7470 -0.2251 -0.6255
vn 0.5054 -0.1824 -0.8434
vn 0.3629 -0.4090 -0.8373
vn 0.1707 -0.5778 -0.7982
vn 0.1142 -0.5387 -0.8347
vn 0.0119 -0.7573 -0.6530
vn -0.0659 -0.9266 -0.3702
vn -0.0965 -0.8372 -0.5383
vn -0.0028 -0.9999 0.0100
vn -0.0997 -0.9479 -0.3027
vn -0.0466 -0.9983 0.0354
vn -0.1319 -0.9536 -0.2707
vn 0.1337 -0.9133 0.3846
vn 0.0597 -0.9126 0.4046
vn -0.0666 -0.9964 0.0528
vn 0.0267 -0.9187 0.3940
vn 0.0298 -0.9164 0.3991
vn 0.0943 -0.7802 0.6184
vn -0.0384 -0.9987 0.0325
vn -0.1282 -0.9509 -0.2818
vn -0.0586 -0.9972 0.0469
vn 0.0346 -0.9279 0.3711
vn 0.0304 -0.9288 0.3693
vn 0.0897 -0.8025 0.5899
vn 0.0853 -0.8107 0.5792
vn 0.0492 -0.8357 0.5469
vn 0.1235 -0.7024 0.7010
vn 0.0941 -0.7289 0.6781
vn 0.0818 -0.7554 0.6501
vn 0.1368 -0.6210 0.7718
vn 0.1024 -0.6479 0.7548
vn 0.0921 -0.6459 0.7579
vn 0.1308 -0.5247 0.8412
vn 0.0891 -0.5382 0.8381
vn 0.1239 -0.5378 0.8339
vn 0.1068 -0.4153 0.9034
vn 0.1177 -0.4359 0.8923
vn 0.1054 -0.3152 0.9431
vn 0.0749 -0.2818 0.9565
vn 0.1384 -0.3946 0.9084
vn 0.1945 -0.5269 0.8274
vn 0.2500 -0.5738 0.7799
vn 0.2004 -0.5982 0.7759
vn 0.2538 -0.6661 0.7014
vn 0.2008 -0.6692 0.7155
vn 0.1390 -0.6141 0.7769
vn 0.1598 -0.6956 0.7005
vn 0.2089 -0.7630 0.6117
vn 0.1864 -0.7962 0.5757
vn 0.1112 -0.7484 0.6539
vn 0.1298 -0.9364 0.3261
vn 0.1258 -0.8534 0.5058
vn 0.0327 -0.9459 0.3227
vn 0.0579 -0.8592 0.5083
vn -0.0038 -0.9998 0.0204
vn -0.0714 -0.9972 0.0219
vn -0.0063 -0.9386 0.3450
vn -0.1201 -0.9489 -0.2919
vn -0.1160 -0.9437 -0.3098
vn -0.0487 -0.9986 0.0226
vn -0.1460 -0.8514 -0.5038
vn -0.1485 -0.8481 -0.5087
vn -0.1083 -0.9477 -0.3002
vn -0.1640 -0.7531 -0.6372
vn -0.1683 -0.7484 -0.6416
vn -0.1881 -0.7292 -0.6579
vn -0.1714 -0.8483 -0.5010
vn -0.1615 -0.8541 -0.4945
vn -0.1551 -0.6924 -0.7046
vn -0.0387 -0.6303 -0.7754
vn -0.0870 -0.4551 -0.8862
vn 0.0360 -0.3402 -0.9397
vn 0.1935 -0.2638 -0.9450
vn 0.1276 -0.1015 -0.9866
vn 0.2952 -0.0257 -0.9551
vn 0.6183 0.0189 -0.7857
vn 0.4305 0.0668 -0.9001
vn 0.7399 0.0946 -0.6661
vn 0.9735 0.0769 -0.2153
vn 0.8510 0.1230 -0.5106
vn 0.9938 0.0987 -0.0516
vn 0.9649 0.0228 0.2616
vn 0.9316 0.0326 0.3620
vn 0.8242 -0.0336 0.5653
vn 0.8085 -0.0368 0.5874
vn 0.6896 -0.0987 0.7174
vn 0.9422 -0.0022 0.3349
vn 0.8375 -0.0661 0.5424
vn 0.9529 -0.0525 0.2988
vn 0.8512 -0.0944 0.5163
vn 0.7159 -0.1149 0.6886
vn 0.7338 -0.1190 0.6688
vn 0.7248 -0.1330 0.6760
vn 0.5867 -0.1094 0.8023
vn 0.5821 -0.1494 0.7993
vn 0.4466 -0.1248 0.8860
vn 0.4408 -0.1701 0.8813
vn 0.3395 -0.1540 0.9279
vn 0.3238 -0.1827 0.9283
vn 0.3263 -0.2308 0.9166
vn 0.2333 -0.1830 0.9550
vn 0.2349 -0.1822 0.9548
vn 0.2426 -0.2277 0.9430
vn 0.1646 -0.1710 0.9714
vn 0.1715 -0.2177 0.9608
vn 0.1729 -0.2968 0.9392
vn 0.1202 -0.2159 0.9690
vn 0.1218 -0.3031 0.9452
vn 0.1587 -0.3978 0.9036
vn 0.1136 -0.1613 0.9803
vn 0.0738 -0.1431 0.9869
vn 0.0883 -0.2078 0.9742
vn 0.0211 -0.1088 0.9938
vn 0.0438 -0.1616 0.9859
vn -0.0573 -0.0725 0.9957
vn -0.0411 -0.1030 0.9938
vn 0.0010 -0.1973 0.9804
vn -0.1014 -0.1005 0.9898
vn -0.2470 0.0132 0.9689
vn -0.2136 -0.0376 0.9762
vn -0.1712 -0.0878 0.9813
vn -0.3739 0.0178 0.9273
vn -0.3325 -0.0191 0.9429
vn -0.5174 0.0284 0.8553
vn -0.4863 -0.0231 0.8735
vn -0.2611 -0.0851 0.9616
vn -0.4793 -0.0328 0.8771
vn -0.2458 -0.1070 0.9634
vn -0.2576 -0.0862 0.9624
vn -0.0647 -0.1875 0.9801
vn -0.0490 -0.1856 0.9814
vn 0.0926 -0.3044 0.9480
vn -0.2756 -0.0776 0.9582
vn -0.4977 0.0162 0.8672
vn -0.5134 0.0344 0.8574
vn -0.2915 -0.1265 0.9482
vn -0.5415 -0.1142 0.8329
vn -0.2310 -0.2537 0.9393
vn 0.0306 -0.5957 0.8026
vn 0.0722 -0.8556 0.5126
vn 0.1717 -0.6178 0.7673
vn 0.2941 -0.8025 0.5191
vn 0.2593 -0.6084 0.7501
vn 0.3351 -0.7635 0.5521
vn 0.3039 -0.5815 0.7547
vn 0.2145 -0.4285 0.8777
vn 0.3069 -0.5947 0.7431
vn 0.2209 -0.4389 0.8710
vn 0.3419 -0.7268 0.5957
vn 0.3044 -0.6374 0.7079
vn 0.3026 -0.7409 0.5996
vn 0.2442 -0.7580 0.6048
vn 0.2790 -0.8687 0.4092
vn 0.2252 -0.8825 0.4130
vn 0.2136 -0.8857 0.4122
vn 0.1746 -0.9820 0.0724
vn 0.1969 -0.9779 0.0700
vn 0.2125 -0.9009 0.3784
vn 0.2068 -0.9771 0.0503
vn 0.1445 -0.9313 -0.3344
vn 0.1631 -0.9322 -0.3232
vn 0.0921 -0.9510 -0.2953
vn 0.1227 -0.9920 0.0296
vn 0.0453 -0.8462 -0.5309
vn -0.0680 -0.8669 -0.4939
vn -0.0386 -0.9569 -0.2880
vn -0.0924 -0.7686 -0.6330
vn -0.1626 -0.7630 -0.6256
vn -0.1440 -0.8640 -0.4824
vn -0.1703 -0.6587 -0.7329
vn -0.1679 -0.4926 -0.8539
vn -0.1752 -0.6429 -0.7457
vn -0.1508 -0.4742 -0.8674
vn -0.1771 -0.6267 -0.7588
vn -0.1623 -0.5730 -0.8033
vn -0.0793 -0.3851 -0.9195
vn 0.0299 -0.2229 -0.9744
vn 0.0404 -0.2222 -0.9742
vn 0.1626 -0.0903 -0.9826
vn 0.2493 0.0076 -0.9684
vn 0.2974 -0.0294 -0.9543
vn 0.3987 0.0379 -0.9163
vn 0.5917 0.0938 -0.8006
vn 0.5280 0.0515 -0.8477
vn 0.6977 0.0929 -0.7104
vn 0.9015 0.1065 -0.4194
vn 0.7496 0.0466 -0.6603
vn 0.9163 0.0384 -0.3986
vn 0.9976 0.0679 -0.0105
vn 0.9995 -0.0015 -0.0320
vn 0.9169 -0.0118 -0.3991
vn 0.9984 -0.0337 -0.0462
vn 0.9581 -0.0618 0.2797
vn 0.9624 -0.0503 0.2669
vn 0.8689 -0.0666 0.4906
vn 0.8602 -0.0884 0.5023
vn 0.8728 -0.0392 0.4866
vn 0.7484 -0.0502 0.6614
vn 0.7438 -0.0870 0.6627
vn 0.7514 -0.0200 0.6596
vn 0.5931 -0.0269 0.8047
vn 0.5904 -0.0627 0.8047
vn 0.4452 -0.0250 0.8951
vn 0.4545 -0.0675 0.8882
vn 0.3391 -0.0060 0.9407
vn 0.3674 -0.0660 0.9277
vn 0.2409 0.0238 0.9703
vn 0.2529 -0.0761 0.9645
vn 0.1447 0.0205 0.9893
vn 0.1370 -0.0828 0.9871
vn 0.1541 -0.1702 0.9733
vn 0.0648 -0.0741 0.9951
vn 0.0998 -0.1419 0.9848
vn 0.0374 -0.0643 0.9972
vn 0.0623 -0.1076 0.9922
vn 0.0042 -0.0593 0.9982
vn 0.0139 -0.0800 0.9967
vn -0.0672 -0.0551 0.9962
vn -0.0768 -0.0462 0.9960
vn -0.1784 -0.0193 0.9838
vn -0.1559 -0.0266 0.9874
vn -0.3334 0.0374 0.9420
vn -0.2958 0.0339 0.9546
vn -0.1320 -0.0533 0.9898
vn -0.4620 0.1060 0.8805
vn -0.5074 0.0886 0.8571
vn -0.6164 0.1552 0.7720
vn -0.5822 0.1370 0.8014
vn -0.4055 0.0849 0.9102
vn -0.7468 0.1749 0.6416
vn -0.7320 0.1152 0.6715
vn -0.5454 0.0685 0.8354
vn -0.8972 0.1908 0.3983
vn -0.9073 0.1427 0.3956
vn -0.7246 0.0676 0.6859
vn -0.9150 0.0967 0.3917
vn -0.7285 0.0291 0.6844
vn -0.9288 0.0639 0.3650
vn -0.7425 0.0384 0.6687
vn -0.9485 0.0879 0.3044
vn -0.7636 0.1136 0.6356
vn -0.9685 0.1440 0.2032
vn -0.8057 0.1260 0.5788
vn -0.9827 0.1459 0.1139
vn -0.8468 0.0699 0.5273
vn -0.5420 -0.0156 0.8402
vn -0.9990 0.0408 -0.0154
vn -0.8747 -0.0505 0.4820
vn -0.9830 -0.1122 -0.1452
vn -0.8781 -0.0934 -0.4692
vn -0.7875 -0.2550 -0.5611
vn -0.7071 -0.1922 -0.6805
vn -0.5959 -0.3902 -0.7019
vn -0.4348 -0.6214 -0.6517
vn -0.4457 -0.4643 -0.7654
vn -0.3091 -0.6919 -0.6525
vn -0.2221 -0.8776 -0.4248
vn -0.1179 -0.9160 -0.3835
vn -0.0151 -0.9989 0.0454
vn 0.0969 -0.9925 0.0752
vn 0.0122 -0.9474 -0.3199
vn 0.2186 -0.9648 0.1464
vn 0.1894 -0.8480 0.4949
vn 0.1136 -0.9693 -0.2181
vn 0.2780 -0.9310 0.2366
vn 0.1846 -0.9805 -0.0672
vn 0.3147 -0.8748 0.3683
vn 0.2089 -0.9764 0.0540
vn 0.0622 -0.9222 -0.3817
vn 0.0094 -0.7810 -0.6245
vn 0.0968 -0.9428 -0.3190
vn 0.0788 -0.7708 -0.6322
vn 0.0240 -0.6155 -0.7878
vn 0.0358 -0.6661 -0.7450
vn 0.0988 -0.7991 -0.5930
vn -0.0230 -0.5538 -0.8323
vn -0.0548 -0.6277 -0.7765
vn -0.0028 -0.7367 -0.6762
vn -0.1193 -0.4975 -0.8592
vn -0.1552 -0.5260 -0.8362
vn -0.1178 -0.6643 -0.7381
vn -0.1692 -0.3761 -0.9110
vn -0.1773 -0.3735 -0.9105
vn -0.1709 -0.5192 -0.8374
vn -0.1608 -0.3543 -0.9212
vn -0.1795 -0.2214 -0.9585
vn -0.1520 -0.2128 -0.9652
vn -0.1271 -0.3264 -0.9366
vn 0.0164 -0.1695 -0.9854
vn -0.0842 -0.2998 -0.9503
vn 0.2454 -0.0591 -0.9676
vn 0.1715 -0.1131 -0.9787
vn 0.4427 -0.0032 -0.8967
vn 0.4018 0.0024 -0.9157
vn 0.6093 -0.0107 -0.7929
vn 0.5886 0.0306 -0.8078
vn 0.7642 -0.0273 -0.6444
vn 0.7605 -0.0039 -0.6493
vn 0.9186 -0.0300 -0.3941
vn 0.9182 -0.0263 -0.3954
vn 0.9983 -0.0286 -0.0503
vn 0.9980 -0.0372 -0.0509
vn 0.9985 -0.0164 -0.0519
vn 0.9648 -0.0122 0.2627
vn 0.9639 -0.0328 0.2644
vn 0.9642 0.0168 0.2645
vn 0.8770 0.0132 0.4804
vn 0.8737 -0.0136 0.4863
vn 0.8812 0.0526 0.4698
vn 0.7628 0.0348 0.6457
vn 0.7573 0.0034 0.6531
vn 0.6014 0.0182 0.7987
vn 0.5949 -0.0082 0.8037
vn 0.4376 0.0107 0.8991
vn 0.4367 -0.0114 0.8995
vn 0.3151 0.0146 0.9489
vn 0.3208 -0.0014 0.9471
vn 0.2269 0.0198 0.9737
vn 0.2329 0.0137 0.9724
vn 0.1627 0.0201 0.9865
vn 0.1627 0.0135 0.9866
vn 0.1181 0.0156 0.9929
vn 0.1141 0.0014 0.9935
vn 0.0634 -0.0336 0.9974
vn 0.0859 -0.0025 0.9963
vn 0.0864 -0.0113 0.9962
vn 0.0119 -0.0540 0.9985
vn 0.0102 -0.0085 0.9999
vn -0.0937 -0.0403 0.9948
vn -0.1068 -0.0019 0.9943
vn -0.2201 -0.0139 0.9754
vn -0.1996 -0.0142 0.9798
vn -0.2266 -0.0065 0.9740
vn -0.3786 0.0047 0.9256
vn -0.3625 0.0220 0.9317
vn -0.5376 0.0477 0.8419
vn -0.5551 0.0204 0.8315
vn -0.6755 0.0573 0.7352
vn -0.6514 0.1114 0.7505
vn -0.6882 0.0257 0.7250
vn -0.7923 0.0540 0.6077
vn -0.7809 0.1182 0.6134
vn -0.9116 0.1115 0.3956
vn -0.8974 0.1791 0.4032
vn -0.7582 0.1748 0.6281
vn -0.9855 0.1599 0.0562
vn -0.9834 0.1763 0.0429
vn -0.9453 0.1139 -0.3058
vn -0.9358 0.1343 -0.3260
vn -0.9900 0.1399 0.0153
vn -0.9284 0.1095 -0.3551
vn -0.9947 0.1027 -0.0068
vn -0.9188 0.0827 -0.3860
vn -0.9956 0.0734 -0.0577
vn -0.9013 0.0563 -0.4295
vn -0.9846 0.0835 -0.1536
vn -0.8593 0.0395 -0.5100
vn -0.9565 0.0945 -0.2762
vn -0.7649 -0.0512 -0.6421
vn -0.9279 0.0666 -0.3668
vn -0.8137 0.0065 -0.5813
vn -0.7063 -0.0192 -0.7076
vn -0.7691 0.0278 -0.6385
vn -0.7878 0.0576 -0.6132
vn -0.6809 0.0329 -0.7316
vn -0.6454 -0.0136 -0.7637
vn -0.5672 -0.0124 -0.8235
vn -0.5166 -0.0704 -0.8533
vn -0.4481 -0.0735 -0.8910
vn -0.3797 -0.1579 -0.9115
vn -0.2989 -0.2814 -0.9119
vn -0.2619 -0.2146 -0.9409
vn -0.1898 -0.3216 -0.9276
vn -0.2351 -0.4093 -0.8816
vn -0.1271 -0.4522 -0.8828
vn -0.1767 -0.5438 -0.8204
vn -0.2486 -0.4594 -0.8528
vn -0.0667 -0.6029 -0.7950
vn -0.0899 -0.7206 -0.6875
vn -0.1526 -0.6393 -0.7537
vn -0.2651 -0.5483 -0.7931
vn -0.0133 -0.8501 -0.5264
vn -0.0967 -0.7847 -0.6122
vn -0.2042 -0.7314 -0.6507
vn -0.3558 -0.4985 -0.7905
vn -0.0892 -0.3691 -0.9251
vn -0.0299 -0.4865 -0.8732
vn -0.1608 -0.2834 -0.9454
vn -0.0987 -0.4417 -0.8917
vn -0.1668 -0.3501 -0.9217
vn -0.2521 -0.1954 -0.9478
vn -0.2232 -0.2493 -0.9423
vn -0.1945 -0.2482 -0.9490
vn -0.2494 -0.1609 -0.9549
vn -0.1910 -0.1264 -0.9734
vn -0.1829 -0.1072 -0.9773
vn -0.1795 -0.0471 -0.9826
vn -0.2047 -0.0798 -0.9756
vn -0.1511 -0.1278 -0.9802
vn -0.0327 -0.0974 -0.9947
vn -0.0391 -0.1381 -0.9897
vn -0.0764 -0.2059 -0.9756
vn 0.0996 -0.0738 -0.9923
vn 0.0837 -0.1132 -0.9900
vn 0.1005 -0.0538 -0.9935
vn 0.2699 -0.0360 -0.9622
vn 0.2713 -0.0397 -0.9617
vn 0.2595 -0.0319 -0.9652
vn 0.4438 -0.0281 -0.8957
vn 0.4550 -0.0229 -0.8902
vn 0.4312 -0.0149 -0.9021
vn 0.6008 -0.0205 -0.7992
vn 0.6082 -0.0263 -0.7933
vn 0.5827 -0.0081 -0.8126
vn 0.7500 -0.0134 -0.6613
vn 0.7611 -0.0243 -0.6481
vn 0.7420 0.0112 -0.6703
vn 0.9096 0.0161 -0.4151
vn 0.9161 -0.0177 -0.4004
vn 0.9039 0.0720 -0.4216
vn 0.9948 0.0768 -0.0674
vn 0.9983 0.0167 -0.0558
vn 0.9874 0.1328 -0.0859
vn 0.9647 0.1170 0.2360
vn 0.9649 0.0667 0.2541
vn 0.9665 0.1414 0.2143
vn 0.8903 0.1174 0.4399
vn 0.8839 0.0957 0.4578
vn 0.7807 0.0917 0.6181
vn 0.7706 0.0720 0.6332
vn 0.6251 0.0608 0.7782
vn 0.6090 0.0447 0.7919
vn 0.4615 0.0262 0.8867
vn 0.4387 0.0206 0.8984
vn 0.3331 -0.0047 0.9429
vn 0.3112 0.0064 0.9503
vn 0.2457 -0.0254 0.9690
vn 0.2284 -0.0018 0.9736
vn 0.1830 -0.0373 0.9824
vn 0.1704 -0.0117 0.9853
vn 0.1285 -0.0421 0.9908
vn 0.1293 -0.0183 0.9914
vn 0.0746 -0.0347 0.9966
vn 0.0854 -0.0210 0.9961
vn 0.0114 0.0152 0.9998
vn 0.0785 0.0145 0.9968
vn 0.0217 -0.0192 0.9996
vn -0.0886 -0.0007 0.9961
vn -0.0870 -0.0108 0.9962
vn -0.2202 -0.0081 0.9754
vn -0.2283 0.0022 0.9736
vn -0.3986 0.0049 0.9171
vn -0.3894 -0.0009 0.9211
vn -0.4078 0.0165 0.9129
vn -0.5765 0.0200 0.8169
vn -0.5668 0.0130 0.8237
vn -0.7014 0.0223 0.7125
vn -0.7081 0.0268 0.7056
vn -0.8121 0.0294 0.5828
vn -0.8003 0.0261 0.5991
vn -0.9175 0.0378 0.3960
vn -0.9150 0.0348 0.4020
vn -0.9187 0.0193 0.3946
vn -0.9966 0.0339 0.0748
vn -0.9975 0.0076 0.0700
vn -0.9980 0.0211 0.0591
vn -0.9191 0.0425 0.3917
vn -0.9480 0.0024 -0.3183
vn -0.9588 0.0089 -0.2841
vn -0.9571 0.0570 -0.2840
vn -0.9941 0.0900 0.0607
vn -0.8613 0.0097 -0.5081
vn -0.8529 0.0281 -0.5213
vn -0.8377 0.0638 -0.5424
vn -0.7465 0.0073 -0.6653
vn -0.7349 0.0272 -0.6776
vn -0.7169 0.0473 -0.6955
vn -0.8161 0.0850 -0.5717
vn -0.7999 0.0713 -0.5959
vn -0.6999 0.0431 -0.7129
vn -0.6228 0.0129 -0.7823
vn -0.6021 0.0076 -0.7984
vn -0.5160 -0.0313 -0.8560
vn -0.4851 -0.0371 -0.8737
vn -0.3790 -0.0956 -0.9205
vn -0.3299 -0.1282 -0.9353
vn -0.3140 -0.1516 -0.9372
vn -0.4181 -0.0794 -0.9049
vn -0.3303 -0.1070 -0.9378
vn -0.2401 -0.0875 -0.9668
vn -0.3236 -0.0855 -0.9423
vn -0.2043 -0.0574 -0.9772
vn -0.1926 -0.0536 -0.9798
vn -0.1886 -0.0919 -0.9777
vn -0.2239 -0.1195 -0.9673
vn -0.2316 -0.1075 -0.9668
vn -0.1412 -0.0747 -0.9872
vn -0.1564 -0.0932 -0.9833
vn -0.0300 -0.0497 -0.9983
vn -0.0340 -0.0723 -0.9968
vn -0.1555 -0.1022 -0.9825
vn -0.0268 -0.0309 -0.9992
vn 0.0909 -0.0196 -0.9957
vn 0.0951 -0.0384 -0.9947
vn 0.0938 0.0096 -0.9955
vn 0.2366 0.0147 -0.9715
vn 0.2468 -0.0106 -0.9690
vn 0.2169 0.0057 -0.9762
vn 0.3908 -0.0089 -0.9204
vn 0.4121 -0.0005 -0.9111
vn 0.3849 -0.0033 -0.9229
vn 0.5823 0.0246 -0.8126
vn 0.5726 0.0004 -0.8198
vn 0.5874 0.0723 -0.8060
vn 0.7448 0.0996 -0.6598
vn 0.7440 0.0512 -0.6662
vn 0.7456 0.1223 -0.6551
vn 0.8950 0.1429 -0.4225
vn 0.8984 0.1240 -0.4213
vn 0.8952 0.1339 -0.4250
vn 0.9851 0.1358 -0.1053
vn 0.9834 0.1525 -0.0982
vn 0.9888 0.0844 -0.1227
vn 0.9800 0.0797 0.1824
vn 0.9725 0.1264 0.1958
vn 0.9106 0.0732 0.4067
vn 0.9020 0.1102 0.4174
vn 0.8058 0.0665 0.5885
vn 0.7933 0.0867 0.6027
vn 0.6528 0.0586 0.7552
vn 0.6428 0.0623 0.7635
vn 0.4935 0.0519 0.8682
vn 0.4820 0.0353 0.8755
vn 0.3610 0.0381 0.9318
vn 0.3497 0.0131 0.9368
vn 0.2591 0.0247 0.9655
vn 0.2533 -0.0006 0.9674
vn 0.1899 0.0146 0.9817
vn 0.1854 -0.0044 0.9827
vn 0.1286 -0.0050 0.9917
vn 0.1349 0.0069 0.9908
vn 0.0762 -0.0103 0.9970
vn -0.0013 -0.0056 1.0000
vn -0.0080 -0.0169 0.9998
vn 0.0039 -0.0165 0.9999
vn -0.1156 0.0030 0.9933
vn -0.0985 0.0055 0.9951
vn -0.2340 0.0343 0.9716
vn -0.2326 0.0187 0.9724
vn -0.4003 0.0355 0.9157
vn -0.4079 0.0237 0.9127
vn -0.5755 0.0325 0.8172
vn -0.5824 0.0266 0.8125
vn -0.5800 0.0265 0.8142
vn -0.7047 0.0343 0.7087
vn -0.7133 0.0337 0.7001
vn -0.7116 0.0338 0.7018
vn -0.8175 0.0401 0.5746
vn -0.8196 0.0396 0.5715
vn -0.8175 0.0316 0.5751
vn -0.9125 0.0454 0.4065
vn -0.9165 0.0446 0.3976
vn -0.9952 0.0522 0.0824
vn -0.9959 0.0523 0.0745
vn -0.9961 0.0461 0.0756
vn -0.9463 0.0574 -0.3181
vn -0.9448 0.0490 -0.3238
vn -0.9430 0.0327 -0.3312
vn -0.8363 0.0436 -0.5466
vn -0.8319 0.0322 -0.5540
vn -0.8394 0.0122 -0.5435
vn -0.7712 0.0317 -0.6358
vn -0.7681 0.0166 -0.6401
vn -0.7585 -0.0008 -0.6517
vn -0.6791 0.0018 -0.7341
vn -0.6620 -0.0159 -0.7493
vn -0.6513 -0.0109 -0.7588
vn -0.5738 -0.0326 -0.8183
vn -0.5590 -0.0314 -0.8286
vn -0.6391 -0.0019 -0.7691
vn -0.5418 -0.0333 -0.8398
vn -0.4573 -0.0643 -0.8870
vn -0.4340 -0.0653 -0.8986
vn -0.3263 -0.0838 -0.9416
vn -0.3106 -0.0930 -0.9460
vn -0.2293 -0.0544 -0.9718
vn -0.2071 -0.1155 -0.9715
vn -0.2294 -0.1275 -0.9649
vn -0.2095 -0.0627 -0.9758
vn -0.1905 -0.0870 -0.9778
vn -0.2257 -0.1234 -0.9664
vn -0.1659 -0.0324 -0.9856
vn -0.1160 -0.0489 -0.9920
vn -0.1069 -0.0242 -0.9940
vn -0.1618 -0.0160 -0.9867
vn -0.1058 -0.0128 -0.9943
vn -0.0197 -0.0143 -0.9997
vn -0.0020 0.0094 -1.0000
vn -0.0888 0.0117 -0.9960
vn 0.0244 0.0461 -0.9986
vn 0.0959 0.0355 -0.9948
vn 0.0638 0.0279 -0.9976
vn 0.0039 -0.0090 -1.0000
vn 0.0333 -0.0482 -0.9983
vn 0.1816 -0.0192 -0.9832
vn 0.1800 -0.0191 -0.9835
vn 0.2178 0.0178 -0.9758
vn 0.4267 0.0684 -0.9018
vn 0.4045 0.0332 -0.9139
vn 0.4420 0.0785 -0.8936
vn 0.6006 0.0994 -0.7933
vn 0.5942 0.0995 -0.7981
vn 0.6078 0.0716 -0.7909
vn 0.7586 0.0720 -0.6476
vn 0.7470 0.1178 -0.6543
vn 0.7473 0.0358 -0.6636
vn 0.9014 0.0286 -0.4321
vn 0.9033 0.0773 -0.4221
vn 0.8993 -0.0057 -0.4373
vn 0.9924 -0.0154 -0.1219
vn 0.9932 0.0255 -0.1133
vn 0.9841 -0.0199 0.1763
vn 0.9826 0.0285 0.1838
vn 0.9193 -0.0163 0.3932
vn 0.9146 0.0262 0.4034
vn 0.8124 -0.0104 0.5829
vn 0.8088 0.0259 0.5875
vn 0.6489 -0.0051 0.7609
vn 0.6502 0.0323 0.7591
vn 0.4747 -0.0047 0.8801
vn 0.4891 0.0516 0.8707
vn 0.3589 -0.0012 0.9334
vn 0.3718 0.0663 0.9259
vn 0.2945 0.0117 0.9556
vn 0.2778 0.0489 0.9594
vn 0.2260 0.0156 0.9740
vn 0.2029 0.0224 0.9790
vn 0.1454 0.0133 0.9893
vn 0.1387 0.0117 0.9903
vn 0.0789 0.0187 0.9967
vn 0.0874 0.0155 0.9961
vn 0.0902 0.0019 0.9959
vn 0.0112 0.0255 0.9996
vn 0.0065 0.0208 0.9998
vn -0.0913 0.0150 0.9957
vn -0.1172 0.0081 0.9931
vn -0.1374 -0.0080 0.9905
vn -0.2457 -0.0155 0.9692
vn -0.2520 0.0048 0.9677
vn -0.3960 -0.0080 0.9182
vn -0.3907 0.0166 0.9204
vn -0.5709 0.0244 0.8206
vn -0.5657 0.0242 0.8242
vn -0.7025 0.0612 0.7090
vn -0.7001 0.0334 0.7133
vn -0.8070 0.0906 0.5836
vn -0.8053 0.0414 0.5914
vn -0.8090 0.0371 0.5867
vn -0.9065 0.0388 0.4203
vn -0.9920 0.0554 0.1134
vn -0.9945 0.0410 0.0961
vn -0.9572 0.0442 -0.2859
vn -0.9524 0.0400 -0.3023
vn -0.9484 0.0549 -0.3121
vn -0.8535 0.0356 -0.5199
vn -0.8487 0.0518 -0.5263
vn -0.8429 0.0544 -0.5353
vn -0.7823 0.0486 -0.6210
vn -0.7776 0.0500 -0.6267
vn -0.7734 0.0395 -0.6327
vn -0.7056 0.0449 -0.7072
vn -0.7013 0.0357 -0.7119
vn -0.6953 0.0249 -0.7183
vn -0.5993 0.0279 -0.8000
vn -0.5918 0.0112 -0.8060
vn -0.5861 -0.0125 -0.8102
vn -0.4767 0.0128 -0.8790
vn -0.4875 -0.0155 -0.8730
vn -0.3580 0.0219 -0.9334
vn -0.3501 -0.0197 -0.9365
vn -0.4798 -0.0539 -0.8757
vn -0.3618 0.0180 -0.9321
vn -0.2721 0.0045 -0.9623
vn -0.2563 -0.0004 -0.9666
vn -0.2115 -0.0043 -0.9774
vn -0.2060 -0.0164 -0.9784
vn -0.1622 -0.0057 -0.9867
vn -0.1529 0.0006 -0.9882
vn -0.0701 0.0083 -0.9975
vn -0.1556 -0.0069 -0.9878
vn -0.0866 -0.0208 -0.9960
vn -0.0333 -0.0482 -0.9983
vn -0.1034 -0.0173 -0.9945
vn -0.0366 -0.0172 -0.9992
vn 0.0568 -0.0453 -0.9974
vn 0.0815 0.0054 -0.9967
vn -0.0222 0.0019 -0.9998
vn 0.0959 0.0206 -0.9952
vn 0.2520 0.0428 -0.9668
vn 0.2737 0.0445 -0.9608
vn 0.1163 0.0206 -0.9930
vn 0.2865 0.0369 -0.9574
vn 0.4541 0.0633 -0.8887
vn 0.4602 0.0472 -0.8865
vn 0.3083 0.0352 -0.9506
vn 0.4673 0.0594 -0.8821
vn 0.6008 0.0439 -0.7982
vn 0.5833 0.0405 -0.8112
vn 0.4763 0.0352 -0.8786
vn 0.5429 0.0316 -0.8392
vn 0.6998 0.0049 -0.7143
vn 0.7417 0.0081 -0.6707
vn 0.5486 -0.0446 -0.8349
vn 0.6829 -0.0393 -0.7294
vn 0.8824 -0.0553 -0.4672
vn 0.8886 -0.0278 -0.4578
vn 0.9903 -0.0647 -0.1227
vn 0.9905 -0.0398 -0.1314
vn 0.9848 -0.0585 0.1635
vn 0.9823 -0.0477 0.1810
vn 0.9212 -0.0584 0.3848
vn 0.9125 -0.0496 0.4061
vn 0.8149 -0.0625 0.5763
vn 0.8071 -0.0441 0.5887
vn 0.6670 -0.0608 0.7426
vn 0.6557 -0.0407 0.7539
vn 0.4984 -0.0552 0.8652
vn 0.4936 -0.0475 0.8684
vn 0.3507 -0.0340 0.9359
vn 0.3660 -0.0491 0.9293
vn 0.2520 -0.0034 0.9677
vn 0.2751 -0.0321 0.9609
vn 0.1991 0.0219 0.9797
vn 0.2085 -0.0073 0.9780
vn 0.1080 0.0354 0.9935
vn 0.1287 0.0121 0.9916
vn 0.0426 0.0722 0.9965
vn 0.0711 0.0392 0.9967
vn 0.0349 0.0873 0.9956
vn 0.0169 0.0408 0.9990
vn -0.0477 0.0436 0.9979
vn -0.0756 0.0227 0.9969
vn -0.1937 0.0126 0.9810
vn -0.2110 0.0068 0.9775
vn -0.2271 -0.0048 0.9739
vn -0.3854 -0.0049 0.9228
vn -0.4005 -0.0081 0.9163
vn -0.5574 -0.0207 0.8300
vn -0.5864 -0.0002 0.8100
vn -0.6996 -0.0445 0.7132
vn -0.7304 0.0129 0.6829
vn -0.8160 -0.0657 0.5744
vn -0.8315 0.0329 0.5545
vn -0.9223 -0.0750 0.3791
vn -0.9246 0.0511 0.3775
vn -0.9028 0.1150 0.4144
vn -0.9899 0.0681 0.1244
vn -0.9840 0.1301 0.1219
vn -0.9014 0.0507 0.4300
vn -0.9621 0.1092 -0.2499
vn -0.9822 0.0570 -0.1791
vn -0.8733 0.0668 -0.4826
vn -0.8588 0.0294 -0.5114
vn -0.8005 0.0316 -0.5985
vn -0.7917 0.0209 -0.6105
vn -0.7865 0.0314 -0.6168
vn -0.7183 0.0100 -0.6957
vn -0.7112 0.0255 -0.7025
vn -0.7092 0.0456 -0.7035
vn -0.6083 0.0184 -0.7935
vn -0.6086 0.0407 -0.7924
vn -0.6045 0.0369 -0.7957
vn -0.4860 0.0339 -0.8733
vn -0.4792 0.0255 -0.8774
vn -0.3750 0.0195 -0.9268
vn -0.3674 0.0148 -0.9299
vn -0.4747 0.0213 -0.8799
vn -0.2870 0.0072 -0.9579
vn -0.2809 0.0048 -0.9597
vn -0.2182 -0.0013 -0.9759
vn -0.2144 -0.0012 -0.9767
vn -0.2938 -0.0023 -0.9559
vn -0.2220 -0.0057 -0.9750
vn -0.1618 -0.0095 -0.9868
vn -0.2223 -0.0113 -0.9749
vn -0.1648 -0.0112 -0.9863
vn -0.1024 -0.0084 -0.9947
vn -0.1619 -0.0112 -0.9867
vn -0.0968 -0.0064 -0.9953
vn -0.0099 0.0033 -0.9999
vn -0.0882 -0.0065 -0.9961
vn 0.0030 -0.0003 -1.0000
vn 0.1308 0.0069 -0.9914
vn 0.0067 -0.0098 -0.9999
vn 0.1565 -0.0123 -0.9876
vn 0.3526 0.0124 -0.9357
vn 0.1637 -0.0222 -0.9863
vn 0.3628 -0.0480 -0.9306
vn 0.4822 -0.1062 -0.8696
vn 0.4913 -0.0599 -0.8689
vn 0.5773 -0.0986 -0.8106
vn 0.6003 -0.0852 -0.7952
vn 0.7342 -0.0751 -0.6748
vn 0.7038 -0.0718 -0.7067
vn 0.8729 -0.0591 -0.4842
vn 0.9833 -0.0526 -0.1741
vn 0.9858 -0.0721 -0.1515
vn 0.9895 -0.0581 0.1326
vn 0.9821 -0.0849 0.1679
vn 0.9266 -0.0667 0.3702
vn 0.9177 -0.0851 0.3881
vn 0.8170 -0.0806 0.5710
vn 0.8140 -0.0572 0.5781
vn 0.6596 -0.0672 0.7486
vn 0.4833 -0.0186 0.8752
vn 0.4912 -0.0385 0.8702
vn 0.3401 -0.0104 0.9403
vn 0.3389 -0.0206 0.9406
vn 0.2349 -0.0108 0.9720
vn 0.1721 -0.0111 0.9850
vn 0.1802 0.0022 0.9836
vn 0.0998 -0.0115 0.9949
vn 0.0933 0.0171 0.9955
vn 0.0010 -0.0398 0.9992
vn 0.0030 0.0311 0.9995
vn 0.0182 -0.0289 0.9994
vn 0.0459 0.0641 0.9969
vn 0.0169 0.0177 0.9997
vn 0.0029 0.0404 0.9992
vn -0.1539 0.0205 0.9879
vn -0.1691 0.0060 0.9856
vn -0.3646 0.0097 0.9311
vn -0.3615 -0.0071 0.9324
vn -0.3697 -0.0044 0.9291
vn -0.5306 -0.0075 0.8476
vn -0.5383 -0.0199 0.8425
vn -0.6580 -0.0075 0.7530
vn -0.6667 -0.0327 0.7446
vn -0.7734 -0.0100 0.6339
vn -0.7861 -0.0504 0.6161
vn -0.9058 -0.0159 0.4233
vn -0.9101 -0.0656 0.4092
vn -0.9943 -0.0178 0.1051
vn -0.9919 -0.0680 0.1070
vn -0.9925 -0.0710 0.0994
vn -0.9748 -0.0577 -0.2154
vn -0.9799 -0.0528 -0.1924
vn -0.8850 -0.0439 -0.4634
vn -0.9015 -0.0325 -0.4316
vn -0.9065 0.0276 -0.4213
vn -0.7908 -0.0358 -0.6111
vn -0.8060 -0.0163 -0.5917
vn -0.8192 0.0081 -0.5735
vn -0.7264 -0.0023 -0.6873
vn -0.7230 0.0074 -0.6909
vn -0.6154 -0.0102 -0.7881
vn -0.6116 -0.0039 -0.7912
vn -0.4916 -0.0172 -0.8706
vn -0.4894 0.0129 -0.8720
vn -0.3841 0.0036 -0.9233
vn -0.3821 -0.0184 -0.9240
vn -0.2908 -0.0135 -0.9567
vn -0.3739 -0.0202 -0.9273
vn -0.2845 -0.0168 -0.9585
vn -0.2189 -0.0140 -0.9757
vn -0.2815 -0.0158 -0.9594
vn -0.2158 -0.0139 -0.9763
vn -0.1574 -0.0114 -0.9875
vn -0.2125 0.0002 -0.9772
vn -0.1547 -0.0009 -0.9880
vn -0.0857 -0.0048 -0.9963
vn -0.1585 0.0102 -0.9873
vn -0.0920 -0.0005 -0.9958
vn -0.0021 -0.0118 -0.9999
vn -0.0960 0.0003 -0.9954
vn -0.0008 -0.0025 -1.0000
vn 0.1480 -0.0170 -0.9888
vn 0.0006 0.0134 -0.9999
vn 0.1281 0.0020 -0.9918
vn 0.3186 -0.0631 -0.9458
vn 0.2860 -0.0309 -0.9577
vn 0.1209 0.0438 -0.9917
vn 0.2627 0.0146 -0.9648
vn 0.4300 -0.0465 -0.9016
vn 0.4628 -0.0699 -0.8837
vn 0.2227 0.0598 -0.9730
vn 0.3816 0.0063 -0.9243
vn 0.5602 -0.0714 -0.8252
vn 0.5883 -0.0867 -0.8039
vn 0.7255 -0.1330 -0.6752
vn 0.7298 -0.0940 -0.6771
vn 0.8752 -0.1542 -0.4585
vn 0.8817 -0.0929 -0.4626
vn 0.9725 -0.1543 -0.1743
vn 0.9822 -0.0836 -0.1679
vn 0.8812 -0.0602 -0.4690
vn 0.9903 -0.0760 0.1167
vn 0.9837 -0.1327 0.1210
vn 0.9256 -0.0625 0.3732
vn 0.7944 -0.0473 0.6056
vn 0.8056 -0.0354 0.5914
vn 0.6464 -0.0071 0.7630
vn 0.6509 -0.0120 0.7591
vn 0.6500 -0.0354 0.7591
vn 0.4846 0.0141 0.8746
vn 0.4860 0.0004 0.8740
vn 0.3378 0.0296 0.9408
vn 0.3428 0.0103 0.9393
vn 0.2402 0.0185 0.9706
vn 0.2371 -0.0081 0.9714
vn 0.2378 0.0438 0.9703
vn 0.1770 0.0168 0.9841
vn 0.1910 0.0446 0.9806
vn 0.1232 0.0023 0.9924
vn 0.0647 0.0043 0.9979
vn 0.0398 -0.0321 0.9987
vn -0.0005 -0.0166 0.9999
vn -0.0122 -0.0621 0.9980
vn -0.0633 -0.0220 0.9977
vn -0.0353 -0.0212 0.9992
vn -0.1737 -0.0126 0.9847
vn -0.1595 0.0153 0.9871
vn -0.3426 -0.0132 0.9394
vn -0.3542 0.0134 0.9351
vn -0.5133 -0.0245 0.8579
vn -0.5358 -0.0071 0.8443
vn -0.5404 0.0088 0.8414
vn -0.6587 -0.0248 0.7520
vn -0.6622 0.0108 0.7492
vn -0.7685 0.0080 0.6398
vn -0.7633 -0.0371 0.6450
vn -0.8983 0.0001 0.4394
vn -0.8948 -0.0498 0.4436
vn -0.9934 -0.0111 0.1139
vn -0.9901 -0.0595 0.1272
vn -0.9761 -0.0222 -0.2163
vn -0.9757 -0.0138 -0.2186
vn -0.8957 -0.0276 -0.4437
vn -0.8938 -0.0119 -0.4482
vn -0.8134 -0.0269 -0.5811
vn -0.8065 -0.0172 -0.5910
vn -0.7128 -0.0340 -0.7005
vn -0.7039 -0.0302 -0.7097
vn -0.5923 -0.0486 -0.8043
vn -0.5988 -0.0185 -0.8007
vn -0.7153 -0.0052 -0.6988
vn -0.4843 0.0026 -0.8749
vn -0.6098 -0.0001 -0.7926
vn -0.4869 -0.0126 -0.8734
vn -0.6141 -0.0073 -0.7892
vn -0.3705 -0.0156 -0.9287
vn -0.4904 -0.0213 -0.8712
vn -0.3696 -0.0000 -0.9292
vn -0.2787 -0.0015 -0.9604
vn -0.3693 -0.0027 -0.9293
vn -0.2746 0.0054 -0.9615
vn -0.2107 0.0122 -0.9775
vn -0.2601 -0.0125 -0.9655
vn -0.2037 -0.0001 -0.9790
vn -0.1623 0.0020 -0.9867
vn -0.2002 0.0077 -0.9797
vn -0.1569 0.0044 -0.9876
vn -0.0889 0.0115 -0.9960
vn -0.1527 0.0313 -0.9878
vn -0.0784 0.0358 -0.9963
vn 0.0093 0.0438 -0.9990
vn -0.0695 0.0682 -0.9952
vn 0.0241 0.0787 -0.9966
vn 0.1159 0.0833 -0.9898
vn 0.0387 0.1467 -0.9884
vn 0.1213 0.1443 -0.9821
vn 0.2109 0.1433 -0.9669
vn 0.2116 0.1336 -0.9682
vn 0.3185 0.1459 -0.9366
vn 0.3124 0.0985 -0.9448
vn 0.4822 0.0338 -0.8754
vn 0.4583 0.1385 -0.8779
vn 0.7005 -0.0346 -0.7128
vn 0.6585 0.1049 -0.7452
vn 0.8810 -0.0862 -0.4651
vn 0.8719 0.0692 -0.4847
vn 0.9804 -0.0996 -0.1698
vn 0.9891 0.0454 -0.1400
vn 0.9860 -0.0778 0.1475
vn 0.9818 0.0419 0.1855
vn 0.9077 -0.0375 0.4179
vn 0.9037 0.0427 0.4260
vn 0.7811 0.0016 0.6244
vn 0.9175 -0.0909 0.3873
vn 0.7921 0.0426 0.6089
vn 0.6400 0.0222 0.7680
vn 0.4902 0.0772 0.8682
vn 0.4852 0.0356 0.8737
vn 0.3509 0.0945 0.9316
vn 0.3395 0.0462 0.9395
vn 0.2437 0.0890 0.9658
vn 0.2318 0.0448 0.9717
vn 0.1857 0.0822 0.9792
vn 0.1906 0.0547 0.9801
vn 0.1491 0.0844 0.9852
vn 0.1583 0.0617 0.9855
vn 0.1457 0.0271 0.9890
vn 0.0937 0.0868 0.9918
vn 0.0852 0.0493 0.9951
vn 0.0185 0.0748 0.9970
vn 0.0085 0.0290 0.9995
vn -0.0612 0.0692 0.9957
vn -0.0629 0.0184 0.9978
vn -0.1689 0.0546 0.9841
vn -0.1752 0.0069 0.9845
vn -0.3415 0.0352 0.9392
vn -0.3386 -0.0049 0.9409
vn -0.5435 0.0341 0.8387
vn -0.5161 -0.0015 0.8565
vn -0.6939 0.0520 0.7182
vn -0.6569 0.0182 0.7538
vn -0.6416 -0.0328 0.7664
vn -0.7784 0.0377 0.6266
vn -0.7542 -0.0315 0.6559
vn -0.9002 0.0581 0.4316
vn -0.8911 -0.0270 0.4531
vn -0.9889 0.0744 0.1289
vn -0.9914 -0.0206 0.1292
vn -0.9745 0.0862 -0.2070
vn -0.9757 -0.0103 -0.2191
vn -0.8896 0.0902 -0.4478
vn -0.8834 0.0013 -0.4687
vn -0.9780 -0.0577 -0.2006
vn -0.8966 -0.0462 -0.4404
vn -0.7941 0.0107 -0.6077
vn -0.8062 -0.0332 -0.5907
vn -0.7048 0.0154 -0.7092
vn -0.7096 -0.0147 -0.7044
vn -0.5882 0.0169 -0.8085
vn -0.5929 0.0107 -0.8052
vn -0.7273 -0.0190 -0.6860
vn -0.6086 -0.0105 -0.7934
vn -0.4596 0.0361 -0.8874
vn -0.4692 -0.0053 -0.8831
vn -0.3536 -0.0312 -0.9349
vn -0.4684 -0.0494 -0.8821
vn -0.4787 -0.0074 -0.8779
vn -0.3396 0.0107 -0.9405
vn -0.2492 0.0159 -0.9683
vn -0.3381 0.0461 -0.9400
vn -0.2639 0.0421 -0.9636
vn -0.2122 0.0319 -0.9767
vn -0.2637 0.0335 -0.9640
vn -0.2087 0.0459 -0.9769
vn -0.1485 0.0587 -0.9872
vn -0.1943 0.0474 -0.9798
vn -0.1308 0.0791 -0.9883
vn -0.0525 0.1204 -0.9913
vn -0.0912 0.1171 -0.9889
vn -0.0120 0.1733 -0.9848
vn 0.0456 0.1977 -0.9792
vn 0.0137 0.2011 -0.9795
vn 0.0384 0.1958 -0.9799
vn 0.1022 0.1732 -0.9796
vn 0.0756 0.1759 -0.9815
vn 0.0176 0.2094 -0.9777
vn 0.0491 0.1812 -0.9822
vn 0.1768 0.1189 -0.9770
vn 0.3093 0.0590 -0.9491
vn 0.3329 0.0625 -0.9409
vn 0.4700 -0.0054 -0.8826
vn 0.4818 0.0643 -0.8739
vn 0.6441 -0.0530 -0.7631
vn 0.6662 0.0577 -0.7436
vn 0.8627 0.0317 -0.5048
vn 0.8479 -0.0883 -0.5228
vn 0.9896 0.0049 -0.1436
vn 0.9836 -0.1008 -0.1496
vn 0.9806 -0.0046 0.1959
vn 0.9686 -0.0662 0.2395
vn 0.8988 0.0088 0.4384
vn 0.8656 -0.0081 0.5007
vn 0.7899 0.0388 0.6120
vn 0.7400 0.0653 0.6694
vn 0.6414 0.0954 0.7612
vn 0.6550 0.0506 0.7539
vn 0.4726 0.2121 0.8554
vn 0.4886 0.1434 0.8606
vn 0.3470 0.2453 0.9052
vn 0.3511 0.1635 0.9220
vn 0.2600 0.2596 0.9300
vn 0.2575 0.1687 0.9514
vn 0.2106 0.2457 0.9462
vn 0.1955 0.1561 0.9682
vn 0.1574 0.1432 0.9771
vn 0.1747 0.2186 0.9600
vn 0.0979 0.1322 0.9864
vn 0.1011 0.2222 0.9697
vn 0.0177 0.1264 0.9918
vn 0.0226 0.2226 0.9746
vn -0.0652 0.1241 0.9901
vn 0.0413 0.3942 0.9181
vn 0.0445 0.5807 0.8129
vn 0.0383 0.6117 0.7901
vn -0.0066 0.6173 0.7867
vn 0.0147 0.7817 0.6234
vn 0.0069 0.7884 0.6151
vn -0.0682 0.6385 0.7666
vn -0.0296 0.7788 0.6266
vn -0.0353 0.6271 0.7782
vn -0.1198 0.4839 0.8669
vn 0.0359 0.7418 0.6696
vn -0.0184 0.5968 0.8022
vn 0.0568 0.6998 0.7121
vn 0.0682 0.8106 0.5816
vn -0.0156 0.6560 0.7546
vn -0.0315 0.7389 0.6731
vn -0.0923 0.5943 0.7989
vn -0.1603 0.5006 0.8507
vn -0.1139 0.6624 0.7405
vn -0.1780 0.5240 0.8329
vn -0.2703 0.4081 0.8720
vn -0.3033 0.4460 0.8421
vn -0.3776 0.3311 0.8647
vn -0.4373 0.1974 0.8774
vn -0.3208 0.2974 0.8992
vn -0.4698 0.1095 0.8759
vn -0.3365 0.2336 0.9122
vn -0.3508 0.1837 0.9183
vn -0.5093 0.0596 0.8585
vn -0.5855 -0.0019 0.8107
vn -0.6328 -0.0254 0.7739
vn -0.5535 0.0527 0.8312
vn -0.6935 -0.0001 0.7204
vn -0.5651 0.0554 0.8232
vn -0.3539 0.0853 0.9314
vn -0.7145 0.0405 0.6984
vn -0.7859 -0.0357 0.6173
vn -0.8041 0.0363 0.5934
vn -0.7967 0.0699 0.6004
vn -0.9035 0.0294 0.4277
vn -0.9003 0.0815 0.4275
vn -0.9919 0.0258 0.1243
vn -0.9867 0.0915 0.1345
vn -0.9726 0.0342 -0.2301
vn -0.9713 0.0981 -0.2166
vn -0.8842 0.0494 -0.4645
vn -0.8847 0.1025 -0.4547
vn -0.8172 0.0659 -0.5726
vn -0.8155 0.1046 -0.5692
vn -0.8081 0.0829 -0.5833
vn -0.7528 0.0918 -0.6518
vn -0.7231 0.0632 -0.6878
vn -0.6502 0.0631 -0.7572
vn -0.6082 0.0366 -0.7930
vn -0.4895 0.0439 -0.8709
vn -0.4671 0.0192 -0.8840
vn -0.4578 0.0228 -0.8887
vn -0.3417 0.0236 -0.9395
vn -0.3384 0.0256 -0.9407
vn -0.2554 0.0335 -0.9663
vn -0.2544 0.0660 -0.9648
vn -0.1800 0.0768 -0.9807
vn -0.2515 0.1307 -0.9590
vn -0.1717 0.1426 -0.9748
vn -0.0615 0.1740 -0.9828
vn -0.1612 0.2145 -0.9633
vn -0.0518 0.2275 -0.9724
vn 0.0074 0.2309 -0.9729
vn -0.0588 0.2903 -0.9551
vn -0.0041 0.2918 -0.9565
vn -0.0118 0.2915 -0.9565
vn -0.0015 0.4406 -0.8977
vn -0.0355 0.4603 -0.8871
vn -0.0060 0.6281 -0.7781
vn -0.0617 0.6288 -0.7751
vn -0.1249 0.5698 -0.8122
vn -0.0687 0.7743 -0.6291
vn -0.1778 0.7422 -0.6462
vn -0.1786 0.6801 -0.7110
vn -0.1933 0.8937 -0.4050
vn -0.2262 0.8877 -0.4010
vn -0.1895 0.6832 -0.7052
vn -0.1542 0.9872 -0.0402
vn -0.1904 0.9803 0.0529
vn -0.2116 0.9119 -0.3517
vn -0.1175 0.9751 0.1879
vn -0.1053 0.9696 -0.2209
vn -0.0748 0.8898 0.4502
vn 0.0381 0.8159 0.5769
vn 0.0605 0.9355 0.3481
vn 0.2560 0.7114 0.6545
vn 0.2804 0.8093 0.5161
vn 0.1793 0.6270 0.7581
vn 0.3871 0.5136 0.7657
vn 0.4325 0.5491 0.7151
vn 0.5554 0.4193 0.7181
vn 0.4679 0.2973 0.8323
vn 0.6426 0.2247 0.7325
vn 0.7207 0.2846 0.6321
vn 0.8410 0.1262 0.5262
vn 0.9293 0.1372 0.3428
vn 0.7130 0.0514 0.6993
vn 0.9094 -0.0185 0.4155
vn 0.9887 0.0079 0.1499
vn 0.9984 -0.0572 0.0039
vn 0.9236 -0.0578 -0.3789
vn 0.9462 -0.0671 0.3166
vn 0.9898 -0.0989 -0.1030
vn 0.8837 -0.0529 -0.4650
vn 0.8479 -0.0885 -0.5227
vn 0.6173 -0.0042 -0.7867
vn 0.6241 -0.0378 -0.7804
vn 0.3596 0.0414 -0.9322
vn 0.6353 -0.0316 -0.7716
vn 0.3622 0.0655 -0.9298
vn 0.2231 0.1127 -0.9683
vn 0.3981 0.0276 -0.9169
vn 0.3755 0.0674 -0.9244
vn 0.6774 -0.0037 -0.7356
vn 0.9688 0.0008 -0.2477
vn 0.9733 0.1929 -0.1242
vn 0.1648 0.1272 -0.9781
vn 0.8040 -0.0059 0.5946
vn 0.6470 0.0730 0.7590
vn 0.5209 0.1346 0.8429
vn 0.5209 0.1717 0.8362
vn 0.6019 0.1433 0.7856
vn 0.4139 0.2109 0.8855
vn 0.4183 0.2659 0.8685
vn 0.3123 0.3471 0.8843
vn 0.3080 0.3221 0.8952
vn 0.2173 0.4610 0.8604
vn 0.2372 0.3617 0.9016
vn 0.1939 0.5104 0.8378
vn 0.2279 0.3623 0.9038
vn 0.2189 0.5214 0.8248
vn 0.1770 0.3518 0.9192
vn 0.1357 0.5460 0.8267
vn 0.0819 0.3846 0.9194
vn 0.1786 0.6938 0.6976
vn 0.0766 0.7280 0.6813
vn -0.0023 0.7505 0.6609
vn 0.0174 0.8788 0.4769
vn -0.0441 0.8864 0.4609
vn -0.0030 0.8951 0.4459
vn -0.0684 0.9777 0.1984
vn -0.0153 0.9772 0.2117
vn -0.0139 0.9768 0.2138
vn 0.0062 0.8970 0.4420
vn 0.0143 0.9770 0.2128
vn 0.0004 0.8846 0.4664
vn 0.0942 0.8558 0.5087
vn 0.1219 0.9694 0.2130
vn 0.1313 0.8385 0.5288
vn 0.1097 0.9688 -0.2223
vn 0.1585 0.9673 0.1979
vn 0.0645 0.9685 -0.2403
vn 0.1206 0.9689 0.2162
vn -0.0033 0.9702 -0.2422
vn 0.0289 0.9480 0.3171
vn -0.1003 0.9732 -0.2071
vn -0.0700 0.9006 0.4291
vn -0.2317 0.9639 -0.1312
vn -0.1584 0.8285 0.5372
vn -0.2201 0.5683 0.7928
vn -0.4806 0.3517 0.8034
vn -0.7651 0.2033 0.6110
vn -0.5544 0.2316 0.7994
vn -0.8004 0.1048 0.5902
vn -0.5674 0.0917 0.8183
vn -0.7176 -0.0976 0.6896
vn -0.7671 -0.0035 0.6416
vn -0.8955 -0.1831 0.4056
vn -0.8736 -0.1594 0.4598
vn -0.7326 -0.0896 0.6748
vn -0.8903 -0.0602 0.4513
vn -0.9788 -0.1923 0.0710
vn -0.9888 -0.0747 0.1290
vn -0.9281 -0.1654 -0.3335
vn -0.9637 -0.0662 -0.2587
vn -0.8085 -0.1089 -0.5784
vn -0.8623 -0.0426 -0.5046
vn -0.7868 -0.0081 -0.6172
vn -0.7460 0.0283 -0.6654
vn -0.7704 0.0824 -0.6322
vn -0.6832 0.0969 -0.7237
vn -0.4988 0.1857 -0.8466
vn -0.5116 0.1133 -0.8517
vn -0.3278 0.2104 -0.9210
vn -0.3420 0.1255 -0.9313
vn -0.3435 0.0539 -0.9376
vn -0.2472 0.2038 -0.9473
vn -0.2950 0.2824 -0.9128
vn -0.2488 0.2865 -0.9252
vn -0.1557 0.3013 -0.9407
vn -0.2382 0.4247 -0.8735
vn -0.1606 0.4493 -0.8788
vn -0.0814 0.4337 -0.8974
vn -0.1537 0.6260 -0.7645
vn -0.0914 0.6368 -0.7656
vn -0.1264 0.7825 -0.6097
vn -0.0913 0.8024 -0.5897
vn -0.0986 0.9127 -0.3966
vn -0.0885 0.9208 -0.3798
vn -0.0194 0.7809 -0.6244
vn -0.0607 0.9128 -0.4038
vn -0.0185 0.9145 -0.4042
vn -0.0728 0.9914 -0.1085
vn 0.0088 0.9942 -0.1076
vn -0.0294 0.9957 -0.0882
vn 0.0631 0.9728 0.2229
vn 0.0299 0.9642 0.2635
vn -0.0591 0.9375 0.3430
vn 0.0950 0.8332 0.5448
vn 0.0400 0.7909 0.6106
vn 0.0508 0.7242 0.6877
vn 0.1258 0.6244 0.7709
vn 0.1709 0.5305 0.8303
vn 0.3146 0.3674 0.8752
vn 0.1481 0.6721 0.7254
vn 0.1253 0.8531 0.5065
vn -0.0381 0.9797 0.1969
vn -0.0801 0.9910 -0.1074
vn -0.0429 0.9943 -0.0977
vn -0.1312 0.8856 -0.4455
vn -0.0602 0.9921 -0.1104
vn -0.0196 0.9882 -0.1520
vn 0.0097 0.8391 -0.5439
vn 0.0922 0.9758 -0.1985
vn -0.0847 0.8675 -0.4901
vn -0.0909 0.6609 -0.7450
vn -0.1371 0.6050 -0.7843
vn -0.0062 0.8084 -0.5885
vn -0.1882 0.5678 -0.8014
vn -0.0599 0.7916 -0.6081
vn -0.1281 0.7584 -0.6391
vn -0.2803 0.5114 -0.8123
vn -0.2297 0.7218 -0.6529
vn -0.3646 0.4240 -0.8290
vn -0.3614 0.6549 -0.6637
vn -0.4664 0.3575 -0.8091
vn -0.4710 0.2613 -0.8425
vn -0.5764 0.1831 -0.7964
vn -0.7268 0.0977 -0.6799
vn -0.8185 0.0098 -0.5745
vn -0.9418 0.0459 -0.3331
vn -0.9719 -0.0369 -0.2326
vn -0.9784 0.0851 0.1886
vn -0.8676 -0.1045 -0.4862
vn -0.9814 -0.1313 -0.1397
vn -0.9796 -0.0004 0.2012
vn -0.8853 -0.1965 -0.4214
vn -0.9742 -0.2252 -0.0155
vn -0.9528 -0.0957 0.2881
vn -0.7435 -0.1298 -0.6560
vn -0.6428 -0.0119 -0.7660
vn -0.6691 -0.0817 -0.7386
vn -0.7269 -0.0622 -0.6839
vn -0.7302 -0.0448 -0.6818
vn -0.5603 0.1182 -0.8198
vn -0.4787 0.1876 -0.8577
vn -0.6694 0.0592 -0.7405
vn -0.3935 0.3358 -0.8558
vn -0.3116 0.3920 -0.8656
vn -0.2626 0.4285 -0.8645
vn -0.1991 0.4845 -0.8519
vn -0.1966 0.5553 -0.8081
vn -0.1385 0.7068 -0.6937
vn -0.2351 0.5614 -0.7934
vn -0.2621 0.4065 -0.8753
vn -0.1966 0.7158 -0.6701
vn -0.1951 0.5962 -0.7788
vn -0.1405 0.7561 -0.6392
vn -0.0868 0.9063 -0.4136
vn -0.2615 0.4100 -0.8738
vn 0.0751 0.9926 -0.0957
vn -0.0375 0.7814 -0.6229
vn -0.1583 0.7379 -0.6561
vn -0.1235 0.4792 -0.8690
vn 0.1149 0.1420 -0.9832
vn 0.3130 -0.8486 0.4266
vt 0.088215 0.453975
vt 0.091382 0.454994
vt 0.087443 0.459138
vt 0.079297 0.565588
vt 0.073555 0.573736
vt 0.074925 0.563359
vt 0.087694 0.444611
vt 0.090634 0.451512
vt 0.907182 0.422425
vt 0.904154 0.426968
vt 0.902999 0.422338
vt 0.903865 0.417823
vt 0.908603 0.418776
vt 0.912196 0.420943
vt 0.908616 0.424855
vt 0.067383 0.958325
vt 0.069756 0.955682
vt 0.070079 0.959140
vt 0.063465 0.956787
vt 0.066532 0.955501
vt 0.069127 0.962581
vt 0.065945 0.959630
vt 0.072436 0.075969
vt 0.084377 0.070046
vt 0.081320 0.084195
vt 0.069202 0.090275
vt 0.065185 0.078093
vt 0.063486 0.069274
vt 0.072630 0.068566
vt 0.904896 0.412539
vt 0.896245 0.414268
vt 0.900514 0.407119
vt 0.908097 0.404146
vt 0.909653 0.412625
vt 0.912116 0.430170
vt 0.915480 0.424588
vt 0.916940 0.429006
vt 0.915288 0.434783
vt 0.909397 0.433413
vt 0.910268 0.427829
vt 0.112527 0.592458
vt 0.107447 0.607635
vt 0.104207 0.592497
vt 0.114621 0.584067
vt 0.128202 0.593230
vt 0.118599 0.603134
vt 0.044645 0.054773
vt 0.049094 0.057986
vt 0.044300 0.059266
vt 0.063861 0.961959
vt 0.066491 0.965516
vt 0.098923 0.102924
vt 0.082749 0.106395
vt 0.100220 0.083648
vt 0.931035 0.935097
vt 0.929012 0.933011
vt 0.931978 0.933150
vt 0.934246 0.934051
vt 0.932156 0.936628
vt 0.929303 0.937844
vt 0.928570 0.935503
vt 0.919283 0.067386
vt 0.916896 0.069337
vt 0.917046 0.066694
vt 0.917792 0.064389
vt 0.920371 0.066179
vt 0.922578 0.068693
vt 0.919879 0.069529
vt 0.095937 0.451899
vt 0.095205 0.457717
vt 0.919441 0.910778
vt 0.912164 0.915535
vt 0.913801 0.910479
vt 0.899904 0.904531
vt 0.906072 0.899164
vt 0.856052 0.863796
vt 0.871996 0.827222
vt 0.881205 0.855829
vt 0.883390 0.888071
vt 0.818899 0.857179
vt 0.847393 0.830478
vt 0.847458 0.886609
vt 0.133575 0.923408
vt 0.103500 0.920144
vt 0.123777 0.899198
vt 0.157513 0.896316
vt 0.151406 0.868263
vt 0.100210 0.889254
vt 0.125489 0.864994
vt 0.078265 0.945710
vt 0.085818 0.946287
vt 0.079155 0.949733
vt 0.077176 0.937653
vt 0.082438 0.941306
vt 0.074030 0.950519
vt 0.074419 0.945022
vt 0.846858 0.147366
vt 0.824436 0.117240
vt 0.856245 0.117045
vt 0.877671 0.126982
vt 0.881490 0.098251
vt 0.852045 0.097560
vt 0.894602 0.082818
vt 0.901500 0.090272
vt 0.894454 0.088880
vt 0.876926 0.089240
vt 0.891390 0.105009
vt 0.878035 0.348461
vt 0.898908 0.371940
vt 0.879704 0.380571
vt 0.892753 0.397473
vt 0.873253 0.402939
vt 0.857052 0.351153
vt 0.856729 0.380414
vt 0.127134 0.621896
vt 0.149141 0.610220
vt 0.154241 0.585748
vt 0.155919 0.641747
vt 0.182147 0.610300
vt 0.183240 0.639405
vt 0.213155 0.613006
vt 0.212919 0.641996
vt 0.185650 0.670942
vt 0.159789 0.673425
vt 0.186362 0.702535
vt 0.160598 0.704118
vt 0.134727 0.677157
vt 0.132526 0.648671
vt 0.135558 0.706204
vt 0.113194 0.679691
vt 0.112161 0.652297
vt 0.099406 0.653932
vt 0.099358 0.628686
vt 0.109910 0.626712
vt 0.097974 0.610071
vt 0.089139 0.610866
vt 0.087788 0.596912
vt 0.095564 0.595510
vt 0.086201 0.584609
vt 0.093401 0.582922
vt 0.085556 0.573687
vt 0.092306 0.572792
vt 0.102306 0.580609
vt 0.101610 0.571398
vt 0.114081 0.562367
vt 0.115487 0.573547
vt 0.091904 0.563780
vt 0.100607 0.562554
vt 0.101002 0.460369
vt 0.104979 0.471904
vt 0.097031 0.467706
vt 0.084980 0.564835
vt 0.091464 0.463328
vt 0.108642 0.463971
vt 0.121243 0.459980
vt 0.119150 0.468328
vt 0.109903 0.455965
vt 0.101763 0.453507
vt 0.109625 0.447217
vt 0.100706 0.445475
vt 0.093835 0.444495
vt 0.098695 0.435776
vt 0.091381 0.434539
vt 0.084326 0.434410
vt 0.089683 0.422513
vt 0.081948 0.445725
vt 0.077595 0.435486
vt 0.082008 0.422751
vt 0.074285 0.423653
vt 0.080056 0.408890
vt 0.072177 0.596857
vt 0.079458 0.585365
vt 0.079987 0.597197
vt 0.072060 0.611203
vt 0.081060 0.629977
vt 0.080553 0.611111
vt 0.089998 0.629538
vt 0.067375 0.365348
vt 0.077975 0.389621
vt 0.069454 0.390718
vt 0.071763 0.409576
vt 0.072407 0.630323
vt 0.081346 0.655311
vt 0.072688 0.655825
vt 0.081418 0.682329
vt 0.090197 0.654739
vt 0.090086 0.681782
vt 0.090773 0.709006
vt 0.099245 0.681033
vt 0.099699 0.708334
vt 0.099285 0.736376
vt 0.114100 0.707545
vt 0.113801 0.736474
vt 0.111445 0.766385
vt 0.135238 0.736185
vt 0.132960 0.767165
vt 0.129082 0.798852
vt 0.158054 0.767150
vt 0.154861 0.800165
vt 0.180822 0.800612
vt 0.178598 0.834099
vt 0.151242 0.834674
vt 0.125449 0.831576
vt 0.102988 0.859520
vt 0.103927 0.827686
vt 0.083986 0.855051
vt 0.087177 0.824680
vt 0.107745 0.796876
vt 0.091977 0.794736
vt 0.077520 0.822973
vt 0.082837 0.792842
vt 0.096605 0.765214
vt 0.079497 0.762842
vt 0.087806 0.763985
vt 0.082105 0.736065
vt 0.090579 0.736288
vt 0.073865 0.735810
vt 0.073775 0.709766
vt 0.082196 0.709463
vt 0.063692 0.284985
vt 0.072679 0.310990
vt 0.064136 0.311310
vt 0.073940 0.337705
vt 0.065352 0.338444
vt 0.072873 0.682785
vt 0.082667 0.336995
vt 0.084798 0.363176
vt 0.075976 0.364255
vt 0.091727 0.336373
vt 0.094039 0.362266
vt 0.095569 0.387861
vt 0.086595 0.388532
vt 0.088160 0.408366
vt 0.096342 0.408574
vt 0.097181 0.423358
vt 0.105216 0.409975
vt 0.106948 0.424793
vt 0.108368 0.436994
vt 0.119176 0.427791
vt 0.120382 0.440105
vt 0.121248 0.450494
vt 0.136843 0.444650
vt 0.137257 0.455180
vt 0.135395 0.464594
vt 0.159179 0.460057
vt 0.158824 0.470300
vt 0.134761 0.474408
vt 0.157596 0.481026
vt 0.133348 0.485045
vt 0.117407 0.477593
vt 0.154374 0.569520
vt 0.132002 0.578812
vt 0.131431 0.565433
vt 0.155188 0.492716
vt 0.185896 0.486442
vt 0.183766 0.498409
vt 0.183679 0.571745
vt 0.215160 0.490839
vt 0.213276 0.503627
vt 0.213726 0.572633
vt 0.182847 0.586292
vt 0.243277 0.588940
vt 0.213540 0.588223
vt 0.271825 0.615001
vt 0.242736 0.614451
vt 0.270934 0.643609
vt 0.241994 0.643187
vt 0.269779 0.672463
vt 0.241111 0.672390
vt 0.212914 0.671911
vt 0.268340 0.701351
vt 0.240069 0.702133
vt 0.212796 0.702512
vt 0.238418 0.732686
vt 0.211761 0.733727
vt 0.185745 0.734263
vt 0.209614 0.766157
vt 0.183876 0.766807
vt 0.160155 0.735135
vt 0.235675 0.764575
vt 0.235065 0.795329
vt 0.206855 0.800027
vt 0.240024 0.821991
vt 0.208283 0.829972
vt 0.245121 0.848957
vt 0.214222 0.856560
vt 0.182717 0.863472
vt 0.189276 0.889996
vt 0.224251 0.908575
vt 0.194480 0.913769
vt 0.164034 0.918784
vt 0.197875 0.932192
vt 0.167831 0.935247
vt 0.169634 0.946205
vt 0.140596 0.948198
vt 0.138334 0.937283
vt 0.116647 0.951324
vt 0.114700 0.941371
vt 0.098257 0.947503
vt 0.095389 0.939712
vt 0.110825 0.930732
vt 0.090448 0.932644
vt 0.087905 0.952099
vt 0.099741 0.955617
vt 0.088843 0.958614
vt 0.079925 0.955286
vt 0.074411 0.960149
vt 0.074394 0.955511
vt 0.069574 0.950619
vt 0.065397 0.950876
vt 0.069576 0.944818
vt 0.065897 0.935687
vt 0.071703 0.936084
vt 0.067894 0.923788
vt 0.075747 0.924512
vt 0.083494 0.927422
vt 0.081186 0.907849
vt 0.092363 0.912374
vt 0.071490 0.906271
vt 0.083861 0.884849
vt 0.073412 0.882429
vt 0.074054 0.853329
vt 0.064209 0.881300
vt 0.065403 0.852195
vt 0.069188 0.821463
vt 0.056967 0.851129
vt 0.061227 0.819998
vt 0.074612 0.791160
vt 0.060647 0.230490
vt 0.064949 0.199238
vt 0.068326 0.229820
vt 0.070719 0.258125
vt 0.062777 0.258679
vt 0.071575 0.761817
vt 0.066829 0.789636
vt 0.078946 0.257395
vt 0.080601 0.284286
vt 0.072028 0.284654
vt 0.089560 0.283755
vt 0.090305 0.310406
vt 0.081312 0.310711
vt 0.102213 0.309729
vt 0.121259 0.335009
vt 0.103686 0.335749
vt 0.119171 0.362588
vt 0.104885 0.361918
vt 0.105444 0.388329
vt 0.117012 0.390954
vt 0.118005 0.411922
vt 0.130873 0.396259
vt 0.133933 0.417092
vt 0.135578 0.432660
vt 0.154035 0.425837
vt 0.156864 0.439637
vt 0.158655 0.449903
vt 0.187690 0.440724
vt 0.188377 0.452067
vt 0.188308 0.463400
vt 0.218135 0.453608
vt 0.217658 0.465930
vt 0.187433 0.474772
vt 0.216627 0.478300
vt 0.246148 0.467743
vt 0.245244 0.480811
vt 0.244051 0.493933
vt 0.272640 0.495710
vt 0.271232 0.510037
vt 0.242453 0.507481
vt 0.300038 0.512014
vt 0.272355 0.570559
vt 0.301206 0.588472
vt 0.272374 0.588984
vt 0.243295 0.571975
vt 0.301341 0.569451
vt 0.330009 0.587559
vt 0.329138 0.613748
vt 0.300548 0.614707
vt 0.328157 0.642502
vt 0.299629 0.643425
vt 0.327417 0.671207
vt 0.298682 0.672181
vt 0.326823 0.699527
vt 0.297541 0.700530
vt 0.326183 0.727469
vt 0.296356 0.728409
vt 0.266360 0.730368
vt 0.295548 0.755555
vt 0.264298 0.759281
vt 0.296287 0.782291
vt 0.266297 0.786369
vt 0.298702 0.810284
vt 0.270271 0.813897
vt 0.274264 0.842498
vt 0.301993 0.839266
vt 0.277874 0.871337
vt 0.249471 0.876587
vt 0.281441 0.899483
vt 0.253281 0.903376
vt 0.219772 0.883241
vt 0.255971 0.924595
vt 0.283954 0.922645
vt 0.257443 0.938367
vt 0.229130 0.940458
vt 0.227213 0.927928
vt 0.230351 0.951698
vt 0.200748 0.954496
vt 0.199590 0.943657
vt 0.231042 0.962639
vt 0.201390 0.965107
vt 0.170593 0.956763
vt 0.170948 0.967055
vt 0.141636 0.958511
vt 0.141889 0.968511
vt 0.117664 0.960923
vt 0.117827 0.970226
vt 0.100299 0.963723
vt 0.100537 0.971717
vt 0.089089 0.965063
vt 0.088178 0.971985
vt 0.080310 0.965294
vt 0.080643 0.959925
vt 0.078891 0.970951
vt 0.073807 0.964215
vt 0.071707 0.968551
vt 0.054873 0.050730
vt 0.062477 0.055230
vt 0.055020 0.056526
vt 0.048940 0.053027
vt 0.062102 0.061382
vt 0.055084 0.062937
vt 0.049335 0.064504
vt 0.055451 0.070378
vt 0.049710 0.072363
vt 0.043838 0.065671
vt 0.054368 0.946913
vt 0.061454 0.951711
vt 0.057358 0.954064
vt 0.060611 0.959188
vt 0.060010 0.944960
vt 0.052585 0.937631
vt 0.059455 0.936168
vt 0.065198 0.944337
vt 0.052081 0.924644
vt 0.059982 0.923979
vt 0.053359 0.905822
vt 0.062205 0.905681
vt 0.055496 0.880660
vt 0.046176 0.115070
vt 0.057589 0.138638
vt 0.049368 0.140045
vt 0.053853 0.169010
vt 0.069844 0.167320
vt 0.061943 0.168218
vt 0.072853 0.198431
vt 0.057112 0.199941
vt 0.081121 0.197432
vt 0.084621 0.227611
vt 0.076251 0.228891
vt 0.094092 0.225830
vt 0.097603 0.254842
vt 0.087657 0.256287
vt 0.115395 0.252363
vt 0.118605 0.281039
vt 0.100493 0.282827
vt 0.138632 0.249261
vt 0.143151 0.278760
vt 0.120537 0.308470
vt 0.146009 0.307309
vt 0.168877 0.277208
vt 0.171881 0.307463
vt 0.144736 0.335580
vt 0.160232 0.373326
vt 0.137777 0.365953
vt 0.184879 0.403737
vt 0.153295 0.403775
vt 0.217611 0.424149
vt 0.186359 0.426102
vt 0.247041 0.440635
vt 0.218084 0.440850
vt 0.274800 0.454891
vt 0.246764 0.454694
vt 0.274315 0.468557
vt 0.302231 0.468675
vt 0.301755 0.482745
vt 0.273631 0.482121
vt 0.329960 0.482487
vt 0.329648 0.497011
vt 0.301078 0.496986
vt 0.358551 0.495945
vt 0.358260 0.511884
vt 0.329064 0.512499
vt 0.387497 0.510765
vt 0.359551 0.566815
vt 0.387514 0.586683
vt 0.358782 0.586769
vt 0.330382 0.568046
vt 0.386242 0.612198
vt 0.357709 0.612761
vt 0.385156 0.640633
vt 0.356681 0.641403
vt 0.384494 0.669005
vt 0.356022 0.670008
vt 0.384160 0.697397
vt 0.355674 0.698506
vt 0.384106 0.725771
vt 0.355415 0.726709
vt 0.384207 0.753922
vt 0.355284 0.754555
vt 0.326213 0.782254
vt 0.325834 0.754958
vt 0.355605 0.782214
vt 0.327555 0.809918
vt 0.356730 0.809837
vt 0.330130 0.838185
vt 0.358662 0.837787
vt 0.333143 0.866955
vt 0.305519 0.868367
vt 0.361069 0.866444
vt 0.336104 0.896015
vt 0.308852 0.896998
vt 0.311246 0.922521
vt 0.338232 0.922946
vt 0.312100 0.938986
vt 0.285049 0.937929
vt 0.338966 0.940260
vt 0.312189 0.950606
vt 0.285466 0.949501
vt 0.285644 0.960347
vt 0.258973 0.960809
vt 0.258379 0.949701
vt 0.269818 0.042381
vt 0.242052 0.050673
vt 0.243073 0.039693
vt 0.215032 0.037112
vt 0.214017 0.047952
vt 0.241017 0.061670
vt 0.212906 0.058852
vt 0.184573 0.046513
vt 0.185138 0.035896
vt 0.183811 0.057163
vt 0.154322 0.046837
vt 0.154456 0.036582
vt 0.153904 0.057164
vt 0.125457 0.048656
vt 0.125197 0.038630
vt 0.125168 0.058667
vt 0.101471 0.051831
vt 0.101205 0.042698
vt 0.101205 0.061002
vt 0.084412 0.053705
vt 0.084010 0.045578
vt 0.071884 0.060803
vt 0.072082 0.054311
vt 0.071766 0.047417
vt 0.062463 0.049010
vt 0.084619 0.061794
vt 0.099965 0.070534
vt 0.124174 0.068684
vt 0.153187 0.067755
vt 0.151974 0.078972
vt 0.122504 0.079770
vt 0.149121 0.096830
vt 0.118905 0.096510
vt 0.145110 0.120099
vt 0.116018 0.122511
vt 0.095384 0.128181
vt 0.120065 0.155527
vt 0.099778 0.161412
vt 0.082058 0.132567
vt 0.086388 0.164657
vt 0.073674 0.135012
vt 0.071682 0.109864
vt 0.077867 0.166214
vt 0.065640 0.136966
vt 0.062584 0.110640
vt 0.060288 0.092010
vt 0.054476 0.113007
vt 0.052578 0.094297
vt 0.050807 0.081814
vt 0.044821 0.096257
vt 0.043952 0.083238
vt 0.057625 0.079733
vt 0.043800 0.073667
vt 0.105180 0.192826
vt 0.089941 0.195910
vt 0.126294 0.188325
vt 0.110566 0.222957
vt 0.132909 0.219345
vt 0.151307 0.182694
vt 0.158750 0.215244
vt 0.164536 0.246321
vt 0.184231 0.211789
vt 0.190122 0.244152
vt 0.194084 0.276305
vt 0.215043 0.242563
vt 0.218371 0.275903
vt 0.196335 0.309570
vt 0.217760 0.343267
vt 0.192005 0.344805
vt 0.168916 0.339138
vt 0.216530 0.372490
vt 0.186297 0.376703
vt 0.245703 0.367604
vt 0.246358 0.395545
vt 0.216779 0.399448
vt 0.274544 0.392472
vt 0.275105 0.419708
vt 0.246925 0.422001
vt 0.302744 0.417579
vt 0.302864 0.439092
vt 0.275122 0.440113
vt 0.330535 0.437980
vt 0.330478 0.453820
vt 0.302629 0.454691
vt 0.358479 0.452888
vt 0.358628 0.467299
vt 0.330220 0.468204
vt 0.387141 0.465567
vt 0.387481 0.479970
vt 0.358616 0.481514
vt 0.416014 0.477992
vt 0.416337 0.492954
vt 0.387520 0.494652
vt 0.444917 0.490730
vt 0.445804 0.506787
vt 0.416762 0.509121
vt 0.417667 0.567957
vt 0.444800 0.589108
vt 0.416197 0.587537
vt 0.388685 0.566710
vt 0.443517 0.613231
vt 0.414843 0.612346
vt 0.442478 0.640761
vt 0.413740 0.640326
vt 0.441671 0.668522
vt 0.413030 0.668453
vt 0.441151 0.696338
vt 0.412545 0.696588
vt 0.441007 0.724165
vt 0.412473 0.724853
vt 0.441432 0.751915
vt 0.412811 0.752994
vt 0.442222 0.779622
vt 0.413484 0.780916
vt 0.385781 0.809550
vt 0.384671 0.781760
vt 0.414554 0.808810
vt 0.387291 0.837599
vt 0.415915 0.836955
vt 0.389145 0.866144
vt 0.417462 0.865500
vt 0.391102 0.895252
vt 0.363447 0.895622
vt 0.419035 0.894483
vt 0.392689 0.922459
vt 0.365253 0.922970
vt 0.366040 0.940825
vt 0.393554 0.940266
vt 0.366378 0.952013
vt 0.339081 0.951805
vt 0.394452 0.960655
vt 0.366637 0.961841
vt 0.338948 0.962192
vt 0.323162 0.045418
vt 0.350815 0.055105
vt 0.323002 0.055314
vt 0.295817 0.054658
vt 0.296201 0.044369
vt 0.312005 0.961151
vt 0.322974 0.064654
vt 0.295596 0.064820
vt 0.268400 0.063940
vt 0.269077 0.053143
vt 0.295479 0.075004
vt 0.267833 0.074786
vt 0.239968 0.072715
vt 0.267157 0.086290
vt 0.238905 0.084492
vt 0.210487 0.081741
vt 0.211742 0.069939
vt 0.182859 0.068010
vt 0.181614 0.079749
vt 0.208796 0.100162
vt 0.179469 0.098007
vt 0.206817 0.124030
vt 0.176689 0.121591
vt 0.174662 0.148635
vt 0.145046 0.149063
vt 0.176672 0.178304
vt 0.205204 0.151345
vt 0.205316 0.179519
vt 0.209763 0.209874
vt 0.234751 0.181317
vt 0.236843 0.210428
vt 0.240099 0.242056
vt 0.264395 0.211396
vt 0.266138 0.241850
vt 0.242656 0.274817
vt 0.270394 0.304584
vt 0.244437 0.307784
vt 0.272233 0.334844
vt 0.245125 0.338638
vt 0.219625 0.310389
vt 0.299119 0.332098
vt 0.300868 0.361472
vt 0.273578 0.364042
vt 0.327974 0.359339
vt 0.329360 0.388174
vt 0.302099 0.390071
vt 0.356435 0.386512
vt 0.357492 0.414279
vt 0.330183 0.415863
vt 0.384835 0.412113
vt 0.385747 0.433998
vt 0.358158 0.436314
vt 0.413457 0.431014
vt 0.414375 0.448207
vt 0.386465 0.450952
vt 0.442368 0.445333
vt 0.443304 0.460521
vt 0.415322 0.463163
vt 0.471311 0.458047
vt 0.472212 0.473052
vt 0.444213 0.475611
vt 0.500261 0.470865
vt 0.501215 0.485667
vt 0.473181 0.488012
vt 0.502356 0.501130
vt 0.474390 0.504058
vt 0.474384 0.571912
vt 0.501212 0.591463
vt 0.473177 0.590644
vt 0.446261 0.569943
vt 0.500499 0.614651
vt 0.472112 0.614229
vt 0.499954 0.641846
vt 0.471223 0.641463
vt 0.499586 0.669234
vt 0.470548 0.668955
vt 0.499341 0.696390
vt 0.470081 0.696358
vt 0.499295 0.723467
vt 0.469988 0.723657
vt 0.470370 0.750977
vt 0.499576 0.750598
vt 0.471027 0.778482
vt 0.500630 0.805169
vt 0.471774 0.806224
vt 0.443175 0.807502
vt 0.472791 0.834322
vt 0.444400 0.835746
vt 0.473936 0.862959
vt 0.445740 0.864396
vt 0.475125 0.892152
vt 0.447105 0.893412
vt 0.476430 0.918700
vt 0.448405 0.920330
vt 0.420456 0.921627
vt 0.477340 0.935613
vt 0.449260 0.938008
vt 0.421332 0.939710
vt 0.449766 0.948159
vt 0.421822 0.949978
vt 0.394033 0.951054
vt 0.450246 0.957312
vt 0.422287 0.959218
vt 0.406599 0.045362
vt 0.434631 0.054317
vt 0.406562 0.054582
vt 0.378686 0.045402
vt 0.378681 0.054868
vt 0.406543 0.063382
vt 0.378640 0.063825
vt 0.350841 0.045526
vt 0.350777 0.064117
vt 0.378574 0.073229
vt 0.350755 0.073661
vt 0.323112 0.074363
vt 0.350702 0.085502
vt 0.323150 0.085548
vt 0.295383 0.086163
vt 0.322721 0.102826
vt 0.294718 0.103889
vt 0.266283 0.103969
vt 0.293709 0.126784
vt 0.265060 0.126747
vt 0.237608 0.102728
vt 0.236109 0.125773
vt 0.263934 0.154172
vt 0.234776 0.153243
vt 0.292050 0.182877
vt 0.263593 0.182401
vt 0.320157 0.211339
vt 0.292219 0.211713
vt 0.293148 0.241295
vt 0.320648 0.240730
vt 0.294618 0.271578
vt 0.268144 0.273257
vt 0.321740 0.270407
vt 0.296949 0.302034
vt 0.323794 0.300229
vt 0.349222 0.269312
vt 0.350918 0.298759
vt 0.325986 0.330039
vt 0.353022 0.328182
vt 0.378378 0.297300
vt 0.380245 0.326461
vt 0.355059 0.357439
vt 0.382062 0.355834
vt 0.407496 0.325053
vt 0.409161 0.354213
vt 0.410899 0.382967
vt 0.383554 0.384940
vt 0.438677 0.380533
vt 0.440231 0.406652
vt 0.412362 0.409410
vt 0.468497 0.404404
vt 0.469603 0.425677
vt 0.441398 0.428087
vt 0.498079 0.424090
vt 0.498753 0.441035
vt 0.470516 0.442840
vt 0.527106 0.439962
vt 0.527472 0.454407
vt 0.499455 0.456020
vt 0.555684 0.453089
vt 0.556113 0.467254
vt 0.528118 0.468824
vt 0.556728 0.481492
vt 0.528994 0.483337
vt 0.557437 0.496288
vt 0.529963 0.498349
vt 0.529401 0.573272
vt 0.556840 0.590542
vt 0.529075 0.591272
vt 0.501986 0.573169
vt 0.556924 0.613219
vt 0.528742 0.614326
vt 0.557069 0.640597
vt 0.528566 0.641581
vt 0.557382 0.668383
vt 0.528600 0.669130
vt 0.557885 0.695828
vt 0.528686 0.696416
vt 0.558363 0.722820
vt 0.528756 0.723412
vt 0.558805 0.749500
vt 0.529006 0.750274
vt 0.559164 0.776161
vt 0.529455 0.777168
vt 0.500069 0.777828
vt 0.559288 0.803100
vt 0.529904 0.804196
vt 0.559039 0.830507
vt 0.530109 0.831617
vt 0.501297 0.832875
vt 0.530287 0.859728
vt 0.502045 0.861345
vt 0.530890 0.888530
vt 0.503032 0.890519
vt 0.531785 0.913598
vt 0.504293 0.916972
vt 0.532885 0.930769
vt 0.505427 0.934056
vt 0.534090 0.942000
vt 0.506210 0.944561
vt 0.477871 0.946095
vt 0.478307 0.955340
vt 0.462927 0.044861
vt 0.491459 0.054025
vt 0.462855 0.054032
vt 0.434684 0.045231
vt 0.491289 0.062676
vt 0.462797 0.062780
vt 0.434572 0.063007
vt 0.462705 0.072050
vt 0.434496 0.072163
vt 0.406476 0.072636
vt 0.434371 0.083532
vt 0.406354 0.084166
vt 0.378447 0.084841
vt 0.406123 0.100335
vt 0.378204 0.100789
vt 0.350434 0.101620
vt 0.377756 0.123442
vt 0.349824 0.124464
vt 0.321865 0.125808
vt 0.349100 0.152919
vt 0.320967 0.153960
vt 0.348560 0.181869
vt 0.320325 0.182559
vt 0.292645 0.154467
vt 0.376672 0.181392
vt 0.376212 0.210448
vt 0.348162 0.210852
vt 0.376187 0.239396
vt 0.348293 0.240004
vt 0.376918 0.268306
vt 0.405000 0.267448
vt 0.406119 0.296093
vt 0.433324 0.267103
vt 0.434115 0.295479
vt 0.435182 0.324056
vt 0.462484 0.295040
vt 0.463591 0.322937
vt 0.436894 0.352414
vt 0.465263 0.350652
vt 0.492540 0.321722
vt 0.494106 0.349169
vt 0.467020 0.378285
vt 0.495739 0.376505
vt 0.523156 0.348257
vt 0.524717 0.375527
vt 0.497130 0.402513
vt 0.525927 0.401172
vt 0.553579 0.375287
vt 0.554711 0.400950
vt 0.526680 0.423142
vt 0.555337 0.422446
vt 0.583204 0.401270
vt 0.583825 0.422053
vt 0.583947 0.438358
vt 0.555525 0.438799
vt 0.611786 0.421631
vt 0.612410 0.437937
vt 0.612849 0.452021
vt 0.584047 0.452677
vt 0.613114 0.465833
vt 0.584439 0.466673
vt 0.613353 0.479708
vt 0.584877 0.480618
vt 0.613555 0.493987
vt 0.585277 0.494977
vt 0.584394 0.571821
vt 0.613042 0.588097
vt 0.584798 0.589288
vt 0.556700 0.572872
vt 0.613608 0.610709
vt 0.585183 0.611917
vt 0.614281 0.637700
vt 0.585551 0.639314
vt 0.615064 0.664914
vt 0.586076 0.666940
vt 0.616110 0.691989
vt 0.587031 0.694223
vt 0.617149 0.719124
vt 0.587937 0.721200
vt 0.617683 0.746299
vt 0.588511 0.748012
vt 0.617738 0.773713
vt 0.588748 0.774918
vt 0.617273 0.801304
vt 0.588491 0.802079
vt 0.616496 0.828925
vt 0.587914 0.829532
vt 0.615987 0.856454
vt 0.587541 0.857075
vt 0.558860 0.858236
vt 0.587627 0.884349
vt 0.559090 0.886102
vt 0.587998 0.907915
vt 0.559685 0.909896
vt 0.588172 0.924073
vt 0.560295 0.926322
vt 0.587958 0.935940
vt 0.561096 0.938241
vt 0.587772 0.946879
vt 0.562053 0.948445
vt 0.520333 0.045031
vt 0.547490 0.055204
vt 0.520191 0.054446
vt 0.491588 0.044897
vt 0.506790 0.953810
vt 0.535350 0.951622
vt 0.519819 0.063405
vt 0.547331 0.065334
vt 0.519070 0.072959
vt 0.491037 0.071882
vt 0.518209 0.084150
vt 0.490632 0.082709
vt 0.462532 0.082756
vt 0.489983 0.100476
vt 0.462143 0.100126
vt 0.434118 0.100189
vt 0.461665 0.123325
vt 0.433723 0.123000
vt 0.405738 0.123035
vt 0.433261 0.151869
vt 0.405238 0.151807
vt 0.432894 0.181258
vt 0.404762 0.181165
vt 0.377192 0.152174
vt 0.432674 0.210215
vt 0.404390 0.210219
vt 0.432797 0.238766
vt 0.404374 0.238927
vt 0.461028 0.210410
vt 0.461297 0.238802
vt 0.461801 0.266958
vt 0.489942 0.238677
vt 0.490530 0.266562
vt 0.491345 0.294229
vt 0.519505 0.266070
vt 0.520440 0.293510
vt 0.521681 0.320860
vt 0.549590 0.293008
vt 0.550771 0.320310
vt 0.552135 0.347793
vt 0.579738 0.320182
vt 0.580944 0.347568
vt 0.582159 0.375117
vt 0.609613 0.347723
vt 0.610387 0.374851
vt 0.639048 0.399327
vt 0.611139 0.400778
vt 0.639660 0.419877
vt 0.667429 0.418393
vt 0.668094 0.435344
vt 0.640498 0.436871
vt 0.641416 0.451061
vt 0.669601 0.464133
vt 0.641743 0.464943
vt 0.669744 0.478356
vt 0.641674 0.478910
vt 0.669997 0.493514
vt 0.641659 0.493713
vt 0.668903 0.568326
vt 0.641321 0.587067
vt 0.640629 0.569423
vt 0.612551 0.570687
vt 0.669740 0.586425
vt 0.642174 0.609553
vt 0.671996 0.634766
vt 0.643160 0.636020
vt 0.673179 0.662022
vt 0.644210 0.663232
vt 0.645219 0.690311
vt 0.674918 0.716600
vt 0.646049 0.717509
vt 0.674985 0.744025
vt 0.646377 0.744919
vt 0.674318 0.771682
vt 0.646151 0.772561
vt 0.673411 0.799709
vt 0.645528 0.800496
vt 0.672799 0.827769
vt 0.644788 0.828425
vt 0.672315 0.855555
vt 0.644225 0.856080
vt 0.671979 0.882849
vt 0.643921 0.883420
vt 0.615890 0.883588
vt 0.643722 0.906729
vt 0.615944 0.907565
vt 0.643560 0.922856
vt 0.615850 0.923817
vt 0.643539 0.935040
vt 0.615538 0.935831
vt 0.643614 0.946109
vt 0.615198 0.946806
vt 0.601307 0.042074
vt 0.630004 0.052175
vt 0.601486 0.053008
vt 0.573471 0.043530
vt 0.573783 0.054524
vt 0.601791 0.063868
vt 0.574152 0.065420
vt 0.547391 0.045226
vt 0.602160 0.074934
vt 0.574543 0.076298
vt 0.546799 0.075750
vt 0.602399 0.087505
vt 0.574776 0.088560
vt 0.546233 0.087126
vt 0.545898 0.104650
vt 0.517597 0.102070
vt 0.517367 0.125752
vt 0.489471 0.124149
vt 0.489234 0.152926
vt 0.461265 0.152256
vt 0.461054 0.181571
vt 0.489256 0.181960
vt 0.489492 0.210525
vt 0.517653 0.182372
vt 0.518137 0.210556
vt 0.518761 0.238433
vt 0.546911 0.210708
vt 0.547693 0.238336
vt 0.548577 0.265738
vt 0.576653 0.238468
vt 0.577625 0.265765
vt 0.578664 0.292975
vt 0.606464 0.266206
vt 0.607552 0.293448
vt 0.608621 0.320542
vt 0.636162 0.294131
vt 0.637368 0.321135
vt 0.638205 0.348013
vt 0.665884 0.321760
vt 0.666718 0.348251
vt 0.638683 0.374793
vt 0.666960 0.374301
vt 0.695180 0.348761
vt 0.695303 0.374218
vt 0.695053 0.397821
vt 0.667023 0.398183
vt 0.723302 0.374977
vt 0.723059 0.398024
vt 0.722803 0.416355
vt 0.695030 0.417047
vt 0.722528 0.431705
vt 0.695399 0.433245
vt 0.722911 0.446153
vt 0.696109 0.448017
vt 0.723967 0.460749
vt 0.696928 0.462668
vt 0.668900 0.449872
vt 0.697676 0.477283
vt 0.725354 0.475433
vt 0.698435 0.492595
vt 0.697342 0.567141
vt 0.726747 0.583066
vt 0.698308 0.585049
vt 0.727798 0.605297
vt 0.699370 0.607005
vt 0.670789 0.608264
vt 0.729002 0.632112
vt 0.700617 0.633610
vt 0.730145 0.659768
vt 0.701848 0.661002
vt 0.702955 0.688647
vt 0.674262 0.689298
vt 0.731214 0.687807
vt 0.703695 0.716338
vt 0.732099 0.715972
vt 0.703730 0.743832
vt 0.731294 0.771647
vt 0.702650 0.771445
vt 0.729895 0.799059
vt 0.701420 0.799160
vt 0.728886 0.826467
vt 0.700710 0.826993
vt 0.728201 0.853933
vt 0.700287 0.854714
vt 0.727632 0.881122
vt 0.699944 0.882156
vt 0.727391 0.905426
vt 0.699856 0.905705
vt 0.671807 0.905912
vt 0.699868 0.921984
vt 0.671721 0.921653
vt 0.671682 0.933826
vt 0.699683 0.934266
vt 0.671681 0.944988
vt 0.686466 0.042107
vt 0.658109 0.052164
vt 0.658441 0.040977
vt 0.630050 0.041190
vt 0.686026 0.053039
vt 0.657806 0.063291
vt 0.629959 0.063123
vt 0.657537 0.074363
vt 0.629874 0.074242
vt 0.657399 0.087039
vt 0.629812 0.086960
vt 0.629878 0.105364
vt 0.602501 0.105504
vt 0.629991 0.128828
vt 0.602483 0.128851
vt 0.574605 0.105835
vt 0.574465 0.155543
vt 0.574396 0.128534
vt 0.545867 0.154854
vt 0.545749 0.127509
vt 0.546284 0.182836
vt 0.517394 0.153878
vt 0.574901 0.183288
vt 0.575664 0.210980
vt 0.603240 0.183519
vt 0.604194 0.211193
vt 0.605370 0.238787
vt 0.632318 0.211088
vt 0.633523 0.238920
vt 0.634835 0.266710
vt 0.661091 0.239022
vt 0.662563 0.267092
vt 0.664355 0.294731
vt 0.690001 0.267485
vt 0.692122 0.295112
vt 0.694073 0.322261
vt 0.719713 0.295302
vt 0.721964 0.322425
vt 0.723244 0.349231
vt 0.749695 0.322191
vt 0.750619 0.349192
vt 0.777073 0.375818
vt 0.750365 0.375550
vt 0.776145 0.399173
vt 0.749864 0.398675
vt 0.749635 0.417603
vt 0.775853 0.418406
vt 0.749553 0.432169
vt 0.776342 0.432172
vt 0.749815 0.445295
vt 0.777028 0.444703
vt 0.750825 0.458432
vt 0.778032 0.457062
vt 0.752626 0.472214
vt 0.779726 0.469971
vt 0.754768 0.487324
vt 0.781430 0.563111
vt 0.754562 0.580336
vt 0.753661 0.562367
vt 0.725684 0.565159
vt 0.782148 0.579905
vt 0.755744 0.603724
vt 0.785499 0.628793
vt 0.757151 0.630524
vt 0.786536 0.656607
vt 0.758299 0.658299
vt 0.786879 0.685283
vt 0.759110 0.686592
vt 0.787478 0.714398
vt 0.759997 0.715327
vt 0.788188 0.743508
vt 0.760591 0.743992
vt 0.732363 0.743981
vt 0.788289 0.772216
vt 0.759965 0.772027
vt 0.787798 0.800283
vt 0.758749 0.799541
vt 0.787060 0.827520
vt 0.757563 0.826647
vt 0.785705 0.854052
vt 0.756463 0.853613
vt 0.784187 0.880047
vt 0.755445 0.880282
vt 0.783431 0.901580
vt 0.755037 0.903745
vt 0.783390 0.917060
vt 0.755223 0.919904
vt 0.727503 0.921813
vt 0.755897 0.931660
vt 0.727685 0.934089
vt 0.756791 0.942097
vt 0.727913 0.945013
vt 0.715298 0.042184
vt 0.743517 0.053335
vt 0.714790 0.052926
vt 0.742592 0.063561
vt 0.714285 0.063437
vt 0.741703 0.073962
vt 0.713801 0.074045
vt 0.685712 0.063892
vt 0.685545 0.074767
vt 0.713372 0.085659
vt 0.685392 0.086716
vt 0.712746 0.103241
vt 0.685148 0.104408
vt 0.712059 0.125657
vt 0.684867 0.127107
vt 0.657389 0.105229
vt 0.657419 0.128379
vt 0.684941 0.153899
vt 0.657766 0.155044
vt 0.631204 0.183347
vt 0.630408 0.155702
vt 0.602679 0.155841
vt 0.658630 0.182712
vt 0.659844 0.210835
vt 0.685513 0.181905
vt 0.686618 0.210574
vt 0.688156 0.239331
vt 0.712778 0.209705
vt 0.714562 0.238923
vt 0.717187 0.267617
vt 0.740434 0.237610
vt 0.743672 0.266679
vt 0.747117 0.294902
vt 0.769684 0.264956
vt 0.773762 0.293717
vt 0.777055 0.321986
vt 0.799582 0.292540
vt 0.803508 0.322140
vt 0.777804 0.349340
vt 0.805216 0.350438
vt 0.828957 0.321802
vt 0.832384 0.351892
vt 0.804179 0.376504
vt 0.828993 0.401374
vt 0.802527 0.400002
vt 0.828088 0.416795
vt 0.802173 0.418448
vt 0.828506 0.429215
vt 0.802802 0.431111
vt 0.803866 0.443361
vt 0.829819 0.440833
vt 0.805354 0.455663
vt 0.831801 0.452249
vt 0.807440 0.468079
vt 0.834587 0.463612
vt 0.810303 0.480540
vt 0.782108 0.483531
vt 0.838576 0.566483
vt 0.810976 0.580606
vt 0.809845 0.566125
vt 0.840878 0.579557
vt 0.812871 0.600293
vt 0.783749 0.602027
vt 0.845736 0.622473
vt 0.814797 0.626157
vt 0.843507 0.652068
vt 0.815109 0.654162
vt 0.841454 0.682921
vt 0.814438 0.683650
vt 0.840964 0.713009
vt 0.814470 0.713427
vt 0.815140 0.742903
vt 0.841463 0.742406
vt 0.815800 0.772127
vt 0.842160 0.771574
vt 0.816383 0.800999
vt 0.843286 0.800964
vt 0.817547 0.829170
vt 0.868947 0.799297
vt 0.890744 0.771114
vt 0.891243 0.798230
vt 0.893026 0.824740
vt 0.909016 0.797742
vt 0.909876 0.823498
vt 0.898004 0.851180
vt 0.911642 0.849297
vt 0.905374 0.876344
vt 0.893962 0.880888
vt 0.915842 0.873932
vt 0.913612 0.896017
vt 0.921460 0.894711
vt 0.931039 0.910314
vt 0.926126 0.911507
vt 0.931121 0.920630
vt 0.926316 0.919938
vt 0.920446 0.919262
vt 0.930335 0.925749
vt 0.925871 0.925625
vt 0.920721 0.925916
vt 0.925452 0.929905
vt 0.920700 0.930104
vt 0.909474 0.926783
vt 0.909930 0.920593
vt 0.891922 0.918044
vt 0.895786 0.911706
vt 0.875105 0.897804
vt 0.869381 0.908260
vt 0.889366 0.924743
vt 0.865925 0.917406
vt 0.842111 0.902583
vt 0.839441 0.915731
vt 0.812601 0.901194
vt 0.815778 0.881278
vt 0.811717 0.915611
vt 0.838375 0.925014
vt 0.811425 0.926143
vt 0.783862 0.928427
vt 0.811471 0.935400
vt 0.784632 0.938324
vt 0.772587 0.044911
vt 0.798325 0.056742
vt 0.771381 0.054819
vt 0.744448 0.043001
vt 0.797370 0.066117
vt 0.770258 0.064758
vt 0.796658 0.075753
vt 0.769238 0.074845
vt 0.795994 0.086269
vt 0.768303 0.086183
vt 0.740864 0.085032
vt 0.767399 0.102249
vt 0.739952 0.102532
vt 0.766447 0.122550
vt 0.739037 0.124290
vt 0.765276 0.148002
vt 0.738281 0.150629
vt 0.711692 0.152471
vt 0.738010 0.178844
vt 0.711882 0.180719
vt 0.738568 0.208056
vt 0.763899 0.206012
vt 0.765897 0.235831
vt 0.788600 0.204417
vt 0.791112 0.234139
vt 0.795219 0.263215
vt 0.816568 0.233586
vt 0.820471 0.262001
vt 0.824623 0.291410
vt 0.845900 0.261217
vt 0.849537 0.289722
vt 0.853544 0.319575
vt 0.874073 0.288058
vt 0.877404 0.316804
vt 0.894054 0.286900
vt 0.896228 0.314871
vt 0.898283 0.344095
vt 0.910208 0.313838
vt 0.910937 0.342209
vt 0.913174 0.369929
vt 0.923212 0.341128
vt 0.924847 0.368574
vt 0.915885 0.390775
vt 0.935520 0.340945
vt 0.936177 0.368537
vt 0.926325 0.391799
vt 0.936489 0.393937
vt 0.924708 0.407509
vt 0.949965 0.612150
vt 0.939217 0.636578
vt 0.939644 0.610554
vt 0.948330 0.594003
vt 0.938785 0.592080
vt 0.946103 0.579717
vt 0.928918 0.608029
vt 0.926873 0.590624
vt 0.936992 0.577952
vt 0.920039 0.445378
vt 0.924968 0.433995
vt 0.925289 0.576089
vt 0.913963 0.586082
vt 0.910416 0.572803
vt 0.908124 0.455847
vt 0.910135 0.440948
vt 0.899414 0.448274
vt 0.903872 0.437352
vt 0.889248 0.463739
vt 0.883032 0.454120
vt 0.894913 0.441835
vt 0.880368 0.445585
vt 0.890598 0.435162
vt 0.861090 0.458180
vt 0.857536 0.448325
vt 0.876956 0.437139
vt 0.854960 0.438486
vt 0.874729 0.428108
vt 0.853378 0.428313
vt 0.886415 0.419366
vt 0.887913 0.427692
vt 0.873383 0.418089
vt 0.853683 0.403305
vt 0.853062 0.417272
vt 0.895716 0.421390
vt 0.897118 0.427463
vt 0.899795 0.432881
vt 0.906127 0.430310
vt 0.887036 0.409245
vt 0.865932 0.468508
vt 0.838458 0.475085
vt 0.890609 0.569436
vt 0.870227 0.578869
vt 0.866996 0.566326
vt 0.893105 0.583784
vt 0.874489 0.596371
vt 0.843617 0.598148
vt 0.895693 0.602754
vt 0.874871 0.622170
vt 0.898650 0.626782
vt 0.870031 0.653610
vt 0.894134 0.657770
vt 0.867625 0.684519
vt 0.892349 0.687571
vt 0.867093 0.714110
vt 0.891708 0.716048
vt 0.867401 0.742688
vt 0.890841 0.743661
vt 0.867940 0.771112
vt 0.910237 0.717726
vt 0.909217 0.744688
vt 0.908613 0.771509
vt 0.923903 0.745729
vt 0.923567 0.772129
vt 0.923881 0.797765
vt 0.937767 0.772735
vt 0.937755 0.798032
vt 0.936073 0.822878
vt 0.923424 0.822839
vt 0.934764 0.847575
vt 0.923157 0.848068
vt 0.925710 0.872302
vt 0.935826 0.871364
vt 0.929069 0.893530
vt 0.944064 0.893317
vt 0.936561 0.893055
vt 0.941730 0.910306
vt 0.936298 0.910041
vt 0.939676 0.920228
vt 0.935328 0.920041
vt 0.937922 0.926567
vt 0.934230 0.925966
vt 0.936095 0.930965
vt 0.933037 0.930094
vt 0.929673 0.930065
vt 0.925078 0.933162
vt 0.924725 0.936090
vt 0.919717 0.933087
vt 0.918971 0.936333
vt 0.908171 0.930983
vt 0.887861 0.931317
vt 0.907592 0.935418
vt 0.887136 0.937810
vt 0.862994 0.934569
vt 0.863995 0.926192
vt 0.826074 0.049672
vt 0.850979 0.059752
vt 0.825031 0.058412
vt 0.799617 0.047474
vt 0.837724 0.933899
vt 0.850680 0.067798
vt 0.824293 0.067088
vt 0.850606 0.076250
vt 0.823898 0.075850
vt 0.823825 0.085450
vt 0.824086 0.100248
vt 0.795507 0.101891
vt 0.795016 0.120205
vt 0.821472 0.141761
vt 0.793344 0.143964
vt 0.814410 0.174963
vt 0.790252 0.173315
vt 0.764182 0.176122
vt 0.813679 0.205395
vt 0.839036 0.178637
vt 0.840031 0.206235
vt 0.842573 0.233468
vt 0.866049 0.206910
vt 0.867968 0.233441
vt 0.870689 0.260463
vt 0.888738 0.233558
vt 0.890702 0.260061
vt 0.905040 0.233663
vt 0.907214 0.259734
vt 0.919403 0.233637
vt 0.921657 0.259421
vt 0.909190 0.286319
vt 0.922965 0.313548
vt 0.922815 0.285966
vt 0.936193 0.259148
vt 0.936489 0.286199
vt 0.935594 0.313827
vt 0.950231 0.692489
vt 0.938279 0.719920
vt 0.937381 0.692155
vt 0.950395 0.665188
vt 0.937816 0.664388
vt 0.950787 0.637494
vt 0.924124 0.691216
vt 0.924905 0.662924
vt 0.927102 0.634681
vt 0.911836 0.660798
vt 0.914334 0.631311
vt 0.913913 0.606875
vt 0.910496 0.689781
vt 0.924399 0.718974
vt 0.937991 0.746750
vt 0.952120 0.720347
vt 0.952370 0.747461
vt 0.933859 0.233039
vt 0.931128 0.207449
vt 0.952007 0.773319
vt 0.916924 0.182549
vt 0.929924 0.181807
vt 0.948843 0.823697
vt 0.951516 0.798627
vt 0.927379 0.157159
vt 0.946266 0.847895
vt 0.915184 0.133851
vt 0.925417 0.133496
vt 0.915446 0.158077
vt 0.904516 0.133366
vt 0.909887 0.109517
vt 0.918016 0.110711
vt 0.914551 0.092825
vt 0.920249 0.093659
vt 0.925613 0.110992
vt 0.920936 0.083602
vt 0.925926 0.093527
vt 0.916582 0.082502
vt 0.920938 0.077102
vt 0.925651 0.083242
vt 0.917129 0.076649
vt 0.920583 0.072670
vt 0.924765 0.076672
vt 0.917029 0.072517
vt 0.923813 0.072030
vt 0.912201 0.076246
vt 0.912928 0.071778
vt 0.912704 0.068587
vt 0.906977 0.067739
vt 0.912834 0.065514
vt 0.906905 0.064198
vt 0.913618 0.062643
vt 0.895814 0.066803
vt 0.896006 0.062258
vt 0.907630 0.060605
vt 0.875731 0.067287
vt 0.875717 0.060648
vt 0.896577 0.057612
vt 0.876184 0.054241
vt 0.876075 0.074084
vt 0.894181 0.077085
vt 0.875373 0.081072
vt 0.850960 0.085209
vt 0.896454 0.071117
vt 0.905252 0.075943
vt 0.904807 0.081529
vt 0.905752 0.071500
vt 0.911448 0.082140
vt 0.909466 0.090714
vt 0.901820 0.107141
vt 0.893141 0.131431
vt 0.888580 0.158014
vt 0.902966 0.158422
vt 0.887968 0.182362
vt 0.869278 0.155335
vt 0.903522 0.182611
vt 0.887975 0.207385
vt 0.903647 0.207742
vt 0.917319 0.208073
vt 0.864984 0.181568
vt 0.924947 0.938955
vt 0.918727 0.939775
vt 0.925391 0.424363
vt 0.920686 0.418250
vt 0.932448 0.411760
vt 0.915169 0.414412
vt 0.916954 0.404551
vt 0.904216 0.392138
vt 0.831405 0.378505
vt 0.072810 0.584683
vt 0.079557 0.574719
vt 0.726811 0.490650
vt 0.699399 0.945250
vt 0.945613 0.871234
vt 0.907444 0.939937
vt 0.851637 0.051583
s 1
f 1/1/1 3/2/2 4/3/3
f 4/4/3 6/5/4 1/6/1
f 1/1/1 7/7/5 2/8/6
f 8/9/7 10/10/8 11/11/9
f 8/9/7 12/12/10 13/13/11
f 8/9/7 14/14/12 9/15/13
f 15/16/14 17/17/15 18/18/16
f 15/16/14 20/19/17 16/20/18
f 15/16/14 21/21/19 19/22/20
f 22/23/21 24/24/22 25/25/23
f 22/23/21 26/26/24 27/27/25
f 22/23/21 28/28/26 23/29/27
f 29/30/28 13/13/11 12/12/10
f 29/30/28 31/31/29 32/32/30
f 29/30/28 33/33/31 30/34/32
f 34/35/33 36/36/34 37/37/35
f 34/35/33 38/38/36 39/39/37
f 39/39/37 35/40/38 34/35/33
f 41/41/39 43/42/40 44/43/41
f 44/43/41 46/44/42 41/41/39
f 41/41/39 47/45/43 42/46/44
f 48/47/45 50/48/46 51/49/47
f 48/50/45 20/19/17 19/22/20
f 48/50/45 21/21/19 49/51/48
f 25/25/23 53/52/49 54/53/50
f 24/24/22 52/54/51 25/25/23
f 54/53/50 26/26/24 25/25/23
f 57/55/52 59/56/53 60/57/54
f 57/55/52 61/58/55 62/59/56
f 57/55/52 63/60/57 58/61/58
f 64/62/59 66/63/60 67/64/61
f 64/62/59 63/65/57 62/66/56
f 64/62/59 61/67/55 65/68/62
f 3/2/2 68/69/63 69/70/64
f 69/70/64 4/3/3 3/2/2
f 72/71/65 74/72/66 71/73/67
f 71/73/67 75/74/68 76/75/69
f 77/76/70 79/77/71 80/78/72
f 80/78/72 82/79/73 77/76/70
f 83/80/74 78/81/75 77/76/70
f 85/82/76 83/80/74 77/76/70
f 82/79/73 85/82/76 77/76/70
f 89/83/77 91/84/78 88/85/79
f 92/86/80 89/83/77 88/85/79
f 88/85/79 95/87/81 92/86/80
f 96/88/82 94/89/83 88/85/79
f 91/84/78 96/88/82 88/85/79
f 99/90/84 101/91/85 102/92/86
f 99/90/84 104/93/87 100/94/88
f 99/90/84 105/95/89 103/96/90
f 107/97/91 109/98/92 106/99/93
f 110/100/94 107/97/91 106/99/93
f 112/101/95 110/100/94 106/99/93
f 109/98/92 115/102/96 106/99/93
f 115/102/96 112/101/95 106/99/93
f 118/103/97 120/104/98 117/105/99
f 117/105/99 116/106/100 118/103/97
f 117/105/99 113/107/101 112/101/95
f 122/108/102 124/109/103 121/110/104
f 125/111/105 127/112/106 121/110/104
f 124/109/103 125/111/105 121/110/104
f 121/110/104 130/113/107 122/108/102
f 127/112/106 129/114/108 121/110/104
f 133/115/109 47/45/43 132/116/110
f 47/45/43 135/117/111 132/116/110
f 136/118/112 133/115/109 132/116/110
f 135/117/111 139/119/113 132/116/110
f 139/119/113 136/118/112 132/116/110
f 140/120/114 141/121/115 142/122/116
f 142/122/116 144/123/117 140/120/114
f 140/120/114 145/124/118 136/118/112
f 145/124/118 146/125/119 147/126/120
f 147/126/120 149/127/121 145/124/118
f 145/124/118 137/128/122 136/118/112
f 148/129/123 151/130/124 149/127/121
f 149/127/121 152/131/125 137/128/122
f 151/130/124 154/132/126 152/131/125
f 152/131/125 155/133/127 156/134/128
f 156/134/128 137/128/122 152/131/125
f 156/134/128 157/135/129 43/42/40
f 43/42/40 133/115/109 156/134/128
f 155/133/127 159/136/130 157/135/129
f 157/135/129 160/137/131 161/138/132
f 161/138/132 43/42/40 157/135/129
f 161/138/132 162/139/133 163/140/134
f 163/140/134 44/43/41 161/138/132
f 163/140/134 164/141/135 165/142/136
f 165/142/136 45/143/137 163/140/134
f 166/144/138 168/145/139 169/146/140
f 169/146/140 45/143/137 166/144/138
f 166/144/138 170/147/141 167/148/142
f 171/149/143 167/150/142 170/151/141
f 165/142/136 70/152/144 170/147/141
f 70/153/144 171/149/143 170/151/141
f 172/154/145 174/155/146 175/156/147
f 175/156/147 167/150/142 172/154/145
f 171/149/143 173/157/148 172/154/145
f 176/158/149 178/159/150 173/157/148
f 176/158/149 69/70/64 68/69/63
f 68/69/63 177/160/151 176/158/149
f 179/161/152 181/162/153 177/160/151
f 179/161/152 2/8/6 7/7/5
f 7/7/5 180/163/154 179/161/152
f 182/164/155 184/165/156 180/163/154
f 182/164/155 6/166/4 185/167/157
f 185/167/157 183/168/158 182/164/155
f 186/169/159 188/170/160 183/168/158
f 186/171/159 189/172/161 190/173/162
f 190/173/162 187/174/163 186/171/159
f 192/175/164 187/174/163 191/176/165
f 191/176/165 160/137/131 159/136/130
f 191/176/165 158/177/166 192/175/164
f 194/178/167 196/179/168 193/180/169
f 196/179/168 187/181/163 193/180/169
f 193/182/169 197/183/170 194/184/167
f 198/185/171 194/184/167 197/183/170
f 192/175/164 200/186/172 197/183/170
f 197/183/170 201/187/173 198/185/171
f 202/188/174 198/185/171 201/187/173
f 200/186/172 153/189/175 201/187/173
f 201/187/173 204/190/176 202/188/174
f 205/191/177 202/188/174 204/190/176
f 153/189/175 150/192/178 204/190/176
f 204/190/176 207/193/179 205/191/177
f 208/194/180 205/191/177 207/193/179
f 150/192/178 210/195/181 207/193/179
f 207/193/179 211/196/182 208/194/180
f 212/197/183 208/194/180 211/196/182
f 210/195/181 215/198/184 211/196/182
f 211/196/182 216/199/185 212/197/183
f 215/198/184 218/200/186 216/199/185
f 216/199/185 219/201/187 220/202/188
f 220/202/188 212/197/183 216/199/185
f 221/203/189 97/204/190 222/205/191
f 222/205/191 212/197/183 221/203/189
f 220/202/188 94/89/83 221/203/189
f 222/205/191 223/206/192 224/207/193
f 224/207/193 213/208/194 222/205/191
f 225/209/195 226/210/196 227/211/197
f 227/211/197 209/212/198 225/209/195
f 209/212/198 213/208/194 225/209/195
f 227/211/197 230/213/199 228/214/200
f 228/214/200 231/215/201 206/216/202
f 206/216/202 209/212/198 228/214/200
f 230/213/199 233/217/203 231/215/201
f 231/215/201 234/218/204 203/219/205
f 203/219/205 206/216/202 231/215/201
f 233/220/203 236/221/206 234/222/204
f 234/222/204 237/223/207 199/224/208
f 199/225/208 203/219/205 234/218/204
f 236/221/206 239/226/209 237/223/207
f 237/223/207 240/227/210 195/228/211
f 195/228/211 199/224/208 237/223/207
f 240/227/210 241/229/212 242/230/213
f 240/227/210 243/231/214 244/232/215
f 244/232/215 195/228/211 240/227/210
f 243/231/214 246/233/216 244/232/215
f 244/232/215 188/170/160 196/179/168
f 245/234/217 184/165/156 246/233/216
f 246/233/216 183/168/158 188/170/160
f 247/235/218 248/236/219 249/237/220
f 249/237/220 181/162/153 247/235/218
f 247/235/218 180/163/154 184/165/156
f 250/238/221 251/239/222 252/240/223
f 252/240/223 178/159/150 250/238/221
f 250/238/221 177/160/151 181/162/153
f 253/241/224 254/242/225 255/243/226
f 255/243/226 174/155/146 253/241/224
f 253/241/224 173/157/148 178/159/150
f 256/244/227 257/245/228 258/246/229
f 258/246/229 260/247/230 256/244/227
f 256/244/227 175/156/147 174/155/146
f 259/248/231 262/249/232 260/247/230
f 260/247/230 168/250/139 175/156/147
f 261/251/233 134/252/234 262/253/232
f 262/253/232 169/146/140 168/145/139
f 261/254/233 263/255/235 264/256/236
f 264/257/236 135/117/111 261/251/233
f 264/256/236 265/258/237 266/259/238
f 266/260/238 138/261/239 264/257/236
f 266/260/238 269/262/240 267/263/241
f 269/262/240 141/121/115 267/263/241
f 267/263/241 139/119/113 138/261/239
f 269/262/240 272/264/242 270/265/243
f 270/265/243 273/266/244 274/267/245
f 270/265/243 142/122/116 141/121/115
f 274/267/245 275/268/246 276/269/247
f 274/267/245 143/270/248 142/122/116
f 276/269/247 277/271/249 278/272/250
f 278/272/250 143/270/248 276/269/247
f 279/273/251 280/274/252 281/275/253
f 281/275/253 146/125/119 279/273/251
f 146/125/119 143/270/248 279/273/251
f 282/276/254 283/277/255 217/278/256
f 217/278/256 214/279/257 282/276/254
f 282/276/254 147/126/120 146/125/119
f 281/275/253 284/280/258 283/277/255
f 283/277/255 285/281/259 286/282/260
f 286/282/260 217/278/256 283/277/255
f 286/282/260 287/283/261 288/284/262
f 288/284/262 218/200/186 286/282/260
f 288/284/262 289/285/263 290/286/264
f 288/284/262 291/287/265 219/201/187
f 290/286/264 293/288/266 291/287/265
f 291/287/265 92/86/80 95/87/81
f 291/287/265 220/202/188 219/201/187
f 293/288/266 294/289/267 295/290/268
f 293/288/266 93/291/269 92/86/80
f 294/289/267 297/292/270 295/290/268
f 295/290/268 298/293/271 93/291/269
f 297/292/270 300/294/272 298/293/271
f 298/293/271 301/295/273 302/296/274
f 302/296/274 93/291/269 298/293/271
f 302/296/274 303/297/275 304/298/276
f 304/298/276 89/83/77 302/296/274
f 303/297/275 306/299/277 304/298/276
f 304/298/276 307/300/278 90/301/279
f 308/302/280 90/301/279 307/300/278
f 306/299/277 101/91/85 307/300/278
f 307/300/278 100/94/88 308/302/280
f 309/303/281 305/304/282 310/305/283
f 310/305/283 312/306/284 309/303/281
f 309/303/281 102/92/86 101/91/85
f 312/306/284 313/307/285 314/308/286
f 312/306/284 105/95/89 102/92/86
f 314/308/286 18/18/16 17/17/15
f 17/17/15 105/95/89 314/308/286
f 315/309/287 16/20/18 316/310/288
f 316/310/288 318/311/289 315/309/287
f 318/311/289 105/95/89 315/309/287
f 318/311/289 319/312/290 320/313/291
f 320/313/291 103/96/90 318/311/289
f 320/313/291 321/314/292 322/315/293
f 322/315/293 104/93/87 320/313/291
f 323/316/294 324/317/295 98/318/296
f 98/318/296 308/302/280 323/316/294
f 323/316/294 100/94/88 104/93/87
f 322/315/293 325/319/297 324/317/295
f 325/319/297 327/320/298 324/317/295
f 324/317/295 96/88/82 98/318/296
f 326/321/299 223/206/192 327/320/298
f 327/320/298 97/204/190 96/88/82
f 328/322/300 329/323/301 330/324/302
f 330/324/302 226/210/196 328/322/300
f 328/322/300 224/207/193 223/206/192
f 331/325/303 332/326/304 333/327/305
f 333/327/305 229/328/306 331/325/303
f 331/325/303 227/211/197 226/210/196
f 334/329/307 335/330/308 336/331/309
f 334/329/307 337/332/310 232/333/311
f 232/334/311 229/328/306 334/335/307
f 336/331/309 339/336/312 337/332/310
f 337/332/310 340/337/313 235/338/314
f 235/338/314 232/333/311 337/332/310
f 339/336/312 342/339/315 340/337/313
f 340/337/313 343/340/316 238/341/317
f 238/341/317 235/338/314 340/337/313
f 342/339/315 345/342/318 343/340/316
f 345/342/318 241/229/212 343/340/316
f 343/340/316 239/226/209 238/341/317
f 345/342/318 348/343/319 346/344/320
f 346/344/320 349/345/321 350/346/322
f 346/344/320 242/230/213 241/229/212
f 349/345/321 352/347/323 350/346/322
f 350/346/322 243/231/214 242/230/213
f 351/348/324 248/236/219 352/347/323
f 352/347/323 245/234/217 243/231/214
f 353/349/325 354/350/326 355/351/327
f 355/351/327 251/239/222 353/349/325
f 353/349/325 249/237/220 248/236/219
f 356/352/328 357/353/329 358/354/330
f 358/354/330 254/242/225 356/352/328
f 356/352/328 252/240/223 251/239/222
f 359/355/331 360/356/332 361/357/333
f 361/357/333 257/245/228 359/355/331
f 359/355/331 255/243/226 254/242/225
f 362/358/334 363/359/335 364/360/336
f 364/360/336 366/361/337 362/358/334
f 362/358/334 258/246/229 257/245/228
f 365/362/338 263/255/235 366/361/337
f 366/361/337 259/248/231 258/246/229
f 365/362/338 367/363/339 368/364/340
f 365/362/338 369/365/341 265/258/237
f 368/364/340 371/366/342 369/365/341
f 369/365/341 372/367/343 268/368/344
f 268/368/344 265/258/237 369/365/341
f 371/366/342 374/369/345 372/367/343
f 372/370/343 375/371/346 271/372/347
f 271/372/347 268/373/344 372/370/343
f 374/374/345 377/375/348 375/371/346
f 375/371/346 378/376/349 379/377/350
f 379/377/350 271/372/347 375/371/346
f 379/377/350 380/378/351 381/379/352
f 381/379/352 272/264/242 379/377/350
f 381/379/352 382/380/353 383/381/354
f 383/381/354 273/266/244 381/379/352
f 383/381/354 384/382/355 385/383/356
f 385/383/356 275/268/246 383/381/354
f 385/383/356 386/384/357 387/385/358
f 387/385/358 277/271/249 385/383/356
f 388/386/359 389/387/360 390/388/361
f 390/388/361 280/274/252 388/386/359
f 388/386/359 278/272/250 277/271/249
f 390/388/361 391/389/362 392/390/363
f 392/390/363 284/280/258 390/388/361
f 392/390/363 393/391/364 394/392/365
f 394/392/365 285/281/259 392/390/363
f 393/391/364 396/393/366 394/392/365
f 396/393/366 287/283/261 394/392/365
f 395/394/367 398/395/368 396/393/366
f 398/395/368 289/285/263 396/393/366
f 399/396/369 400/397/370 401/398/371
f 401/398/371 292/399/372 399/396/369
f 399/396/369 290/286/264 289/285/263
f 400/397/370 403/400/373 401/398/371
f 403/400/373 294/289/267 401/398/371
f 402/401/374 405/402/375 403/400/373
f 403/400/373 406/403/376 296/404/377
f 405/402/375 408/405/378 406/403/376
f 406/403/376 409/406/379 299/407/380
f 299/407/380 296/404/377 406/403/376
f 409/406/379 410/408/381 411/409/382
f 411/409/382 413/410/383 409/406/379
f 413/410/383 299/407/380 409/406/379
f 412/411/384 415/412/385 413/410/383
f 415/412/385 300/294/272 413/410/383
f 414/413/386 417/414/387 415/412/385
f 415/412/385 303/297/275 301/295/273
f 416/415/388 419/416/389 417/414/387
f 417/414/387 305/304/282 303/297/275
f 418/417/390 421/418/391 419/416/389
f 419/416/389 310/305/283 305/304/282
f 420/419/392 423/420/393 421/418/391
f 421/418/391 311/421/394 310/305/283
f 422/422/395 425/423/396 423/420/393
f 423/420/393 313/307/285 311/421/394
f 424/424/397 21/21/19 425/423/396
f 21/21/19 313/307/285 425/423/396
f 424/425/397 426/426/398 427/427/399
f 427/427/399 49/428/48 424/425/397
f 427/427/399 428/429/400 429/430/401
f 429/430/401 50/48/46 427/427/399
f 430/431/402 431/432/403 432/433/404
f 432/433/404 434/434/405 430/431/402
f 430/431/402 51/49/47 50/48/46
f 433/435/406 436/436/407 434/437/405
f 434/437/405 20/19/17 51/438/47
f 435/439/408 316/310/288 436/436/407
f 316/310/288 20/19/17 436/436/407
f 435/439/408 437/440/409 438/441/410
f 438/441/410 317/442/411 435/439/408
f 438/441/410 439/443/412 440/444/413
f 440/444/413 319/312/290 438/441/410
f 440/444/413 441/445/414 442/446/415
f 442/446/415 321/314/292 440/444/413
f 442/446/415 443/447/416 329/323/301
f 442/446/415 326/321/299 325/319/297
f 441/448/414 445/449/417 443/450/416
f 445/449/417 332/451/304 443/450/416
f 443/447/416 330/324/302 329/323/301
f 445/449/417 448/452/418 446/453/419
f 446/453/419 449/454/420 335/330/308
f 446/453/419 333/455/305 332/451/304
f 448/452/418 451/456/421 449/454/420
f 449/454/420 452/457/422 338/458/423
f 338/458/423 335/330/308 449/454/420
f 451/456/421 454/459/424 452/457/422
f 452/457/422 455/460/425 341/461/426
f 341/461/426 338/458/423 452/457/422
f 454/459/424 457/462/427 455/460/425
f 455/460/425 458/463/428 344/464/429
f 344/464/429 341/461/426 455/460/425
f 458/463/428 459/465/430 460/466/431
f 460/466/431 347/467/432 458/463/428
f 347/467/432 344/464/429 458/463/428
f 461/468/433 462/469/434 463/470/435
f 463/470/435 465/471/436 461/468/433
f 465/471/436 347/467/432 461/468/433
f 465/471/436 466/472/437 467/473/438
f 467/473/438 348/343/319 465/471/436
f 466/472/437 354/350/326 467/473/438
f 467/473/438 351/348/324 349/345/321
f 466/472/437 470/474/439 468/475/440
f 470/474/439 357/353/329 468/475/440
f 468/475/440 355/351/327 354/350/326
f 470/474/439 473/476/441 471/477/442
f 473/476/441 360/356/332 471/477/442
f 471/477/442 358/354/330 357/353/329
f 473/476/441 476/478/443 474/479/444
f 476/478/443 363/359/335 474/479/444
f 474/479/444 361/357/333 360/356/332
f 476/478/443 479/480/445 477/481/446
f 477/481/446 480/482/447 367/363/339
f 477/481/446 364/360/336 363/359/335
f 479/480/445 482/483/448 480/482/447
f 480/482/447 483/484/449 370/485/450
f 370/485/450 367/363/339 480/482/447
f 482/483/448 485/486/451 483/484/449
f 483/484/449 486/487/452 373/488/453
f 373/488/453 370/485/450 483/484/449
f 485/486/451 488/489/454 486/487/452
f 486/487/452 489/490/455 376/491/456
f 376/491/456 373/488/453 486/487/452
f 488/489/454 491/492/457 489/490/455
f 489/493/455 492/494/458 493/495/459
f 493/495/459 376/496/456 489/493/455
f 493/495/459 494/497/460 495/498/461
f 495/498/461 377/375/348 493/495/459
f 495/498/461 496/499/462 497/500/463
f 497/500/463 378/376/349 495/498/461
f 497/500/463 498/501/464 499/502/465
f 499/502/465 380/378/351 497/500/463
f 499/502/465 500/503/466 501/504/467
f 501/504/467 382/380/353 499/502/465
f 501/504/467 502/505/468 503/506/469
f 503/506/469 384/382/355 501/504/467
f 503/506/469 504/507/470 505/508/471
f 505/508/471 386/384/357 503/506/469
f 505/508/471 508/509/472 506/510/473
f 506/510/473 391/389/362 389/387/360
f 506/510/473 387/385/358 386/384/357
f 507/511/474 510/512/475 508/509/472
f 508/509/472 393/391/364 391/389/362
f 509/513/476 512/514/477 510/512/475
f 510/512/475 395/394/367 393/391/364
f 511/515/478 514/516/479 512/514/477
f 512/514/477 397/517/480 395/394/367
f 513/518/481 516/519/482 514/516/479
f 514/516/479 517/520/483 397/517/480
f 516/519/482 519/521/484 517/520/483
f 517/520/483 402/401/374 400/397/370
f 400/397/370 397/517/480 517/520/483
f 518/522/485 521/523/486 519/521/484
f 519/521/484 404/524/487 402/401/374
f 520/525/488 523/526/489 521/523/486
f 521/523/486 524/527/490 404/524/487
f 523/526/489 526/528/491 524/527/490
f 524/527/490 527/529/492 407/530/493
f 407/530/493 404/524/487 524/527/490
f 526/531/491 529/532/494 527/533/492
f 529/532/494 410/534/381 527/533/492
f 527/529/492 408/405/378 407/530/493
f 530/535/495 531/536/496 532/537/497
f 532/537/497 534/538/498 530/535/495
f 530/535/495 411/539/382 410/534/381
f 533/540/499 536/541/500 534/538/498
f 534/538/498 412/542/384 411/539/382
f 535/543/501 538/544/502 536/541/500
f 536/541/500 414/545/386 412/542/384
f 537/546/503 540/547/504 538/544/502
f 538/544/502 416/548/388 414/545/386
f 539/549/505 542/550/506 540/547/504
f 540/547/504 418/551/390 416/548/388
f 542/550/506 543/552/507 544/553/508
f 542/550/506 420/554/392 418/551/390
f 543/552/507 426/426/398 544/553/508
f 544/553/508 422/555/395 420/554/392
f 541/556/509 23/29/27 543/552/507
f 543/552/507 28/28/26 428/429/400
f 541/556/509 55/557/510 24/24/22
f 539/549/505 545/558/511 55/557/510
f 537/546/503 546/559/512 545/558/511
f 545/558/511 547/560/513 548/561/514
f 548/561/514 55/557/510 545/558/511
f 548/561/514 549/562/515 550/563/516
f 550/563/516 52/54/51 548/561/514
f 550/563/516 551/564/517 552/565/518
f 552/565/518 53/52/49 550/563/516
f 553/566/519 554/567/520 555/568/521
f 555/568/521 557/569/522 553/566/519
f 553/566/519 54/53/50 53/52/49
f 556/570/523 558/571/524 557/569/522
f 557/569/522 56/572/525 54/53/50
f 450/573/526 447/574/527 558/571/524
f 558/571/524 559/575/528 56/572/525
f 560/576/529 56/572/525 559/575/528
f 447/574/527 444/577/530 559/575/528
f 559/575/528 561/578/531 560/576/529
f 562/579/532 560/576/529 561/578/531
f 444/577/530 439/580/412 561/578/531
f 561/578/531 437/581/409 562/579/532
f 563/582/533 28/28/26 27/27/25
f 27/27/25 560/576/529 563/582/533
f 563/582/533 432/433/404 431/432/403
f 562/579/532 433/583/406 432/433/404
f 556/570/523 564/584/534 453/585/535
f 453/585/535 450/573/526 556/570/523
f 555/568/521 565/586/536 564/584/534
f 565/586/536 456/587/537 564/584/534
f 456/587/537 453/585/535 564/584/534
f 566/588/538 567/589/539 568/590/540
f 568/590/540 459/465/430 566/588/538
f 566/588/538 457/462/427 456/587/537
f 569/591/541 570/592/542 571/593/543
f 571/593/543 462/469/434 569/591/541
f 569/591/541 460/466/431 459/465/430
f 572/594/544 573/595/545 574/596/546
f 574/596/546 576/597/547 572/594/544
f 572/594/544 463/470/435 462/469/434
f 576/597/547 577/598/548 578/599/549
f 576/597/547 464/600/550 463/470/435
f 578/599/549 579/601/551 469/602/552
f 469/602/552 464/600/550 578/599/549
f 577/598/548 581/603/553 579/601/551
f 579/601/551 582/604/554 472/605/555
f 472/605/555 469/602/552 579/601/551
f 581/603/553 584/606/556 582/604/554
f 582/604/554 585/607/557 475/608/558
f 475/608/558 472/605/555 582/604/554
f 584/606/556 587/609/559 585/607/557
f 585/607/557 588/610/560 478/611/561
f 478/611/561 475/608/558 585/607/557
f 587/609/559 590/612/562 588/610/560
f 588/610/560 591/613/563 481/614/564
f 481/614/564 478/611/561 588/610/560
f 590/612/562 593/615/565 591/613/563
f 591/613/563 594/616/566 484/617/567
f 484/617/567 481/614/564 591/613/563
f 593/615/565 596/618/568 594/616/566
f 594/616/566 597/619/569 487/620/570
f 487/620/570 484/617/567 594/616/566
f 596/618/568 599/621/571 597/619/569
f 597/619/569 600/622/572 490/623/573
f 490/623/573 487/620/570 597/619/569
f 599/621/571 602/624/574 600/622/572
f 600/622/572 603/625/575 604/626/576
f 604/626/576 490/623/573 600/622/572
f 604/627/576 605/628/577 606/629/578
f 606/629/578 491/630/457 604/627/576
f 606/629/578 607/631/579 608/632/580
f 608/632/580 492/494/458 606/629/578
f 608/632/580 609/633/581 610/634/582
f 610/634/582 494/497/460 608/632/580
f 610/634/582 611/635/583 612/636/584
f 612/636/584 496/499/462 610/634/582
f 612/636/584 613/637/585 614/638/586
f 614/638/586 498/501/464 612/636/584
f 614/638/586 615/639/587 616/640/588
f 616/640/588 500/503/466 614/638/586
f 616/640/588 617/641/589 618/642/590
f 618/642/590 502/505/468 616/640/588
f 618/642/590 619/643/591 620/644/592
f 620/644/592 504/507/470 618/642/590
f 620/644/592 623/645/593 621/646/594
f 621/646/594 509/513/476 507/511/474
f 621/646/594 505/508/471 504/507/470
f 622/647/595 625/648/596 623/645/593
f 623/645/593 511/515/478 509/513/476
f 624/649/597 627/650/598 625/648/596
f 625/648/596 513/518/481 511/515/478
f 626/651/599 629/652/600 627/650/598
f 627/650/598 515/653/601 513/518/481
f 628/654/602 631/655/603 629/652/600
f 629/652/600 632/656/604 515/653/601
f 631/655/603 634/657/605 632/656/604
f 632/656/604 520/525/488 518/522/485
f 518/522/485 515/653/601 632/656/604
f 633/658/606 636/659/607 634/657/605
f 634/657/605 522/660/608 520/525/488
f 636/659/607 637/661/609 638/662/610
f 636/659/607 639/663/611 522/660/608
f 639/664/611 640/665/612 641/666/613
f 639/664/611 642/667/614 525/668/615
f 525/669/615 522/660/608 639/663/611
f 642/667/614 643/670/616 644/671/617
f 642/667/614 645/672/618 528/673/619
f 528/673/619 525/668/615 642/667/614
f 645/672/618 646/674/620 647/675/621
f 645/672/618 648/676/622 531/536/496
f 531/536/496 528/673/619 645/672/618
f 648/676/622 649/677/623 650/678/624
f 648/676/622 651/679/625 652/680/626
f 652/680/626 531/536/496 648/676/622
f 651/679/625 654/681/627 652/680/626
f 652/680/626 533/540/499 532/537/497
f 653/682/628 546/559/512 654/681/627
f 654/681/627 535/543/501 533/540/499
f 653/682/628 655/683/629 656/684/630
f 656/684/630 547/560/513 653/682/628
f 656/684/630 657/685/631 658/686/632
f 658/686/632 549/562/515 656/684/630
f 657/685/631 660/687/633 658/686/632
f 660/687/633 551/564/517 658/686/632
f 660/687/633 567/589/539 661/688/634
f 567/589/539 554/567/520 661/688/634
f 661/688/634 552/565/518 551/564/517
f 662/689/635 659/690/636 663/691/637
f 663/691/637 570/592/542 662/689/635
f 662/689/635 568/590/540 567/589/539
f 664/692/638 665/693/639 666/694/640
f 666/694/640 573/595/545 664/692/638
f 664/692/638 571/593/543 570/592/542
f 667/695/641 668/696/642 669/697/643
f 669/697/643 671/698/644 667/695/641
f 667/695/641 574/596/546 573/595/545
f 671/698/644 672/699/645 673/700/646
f 673/700/646 574/596/546 671/698/644
f 673/700/646 674/701/647 580/702/648
f 580/702/648 575/703/649 673/700/646
f 672/699/645 676/704/650 674/701/647
f 674/701/647 677/705/651 583/706/652
f 583/706/652 580/702/648 674/701/647
f 676/704/650 679/707/653 677/705/651
f 677/705/651 680/708/654 586/709/655
f 586/709/655 583/706/652 677/705/651
f 679/707/653 682/710/656 680/708/654
f 680/708/654 683/711/657 589/712/658
f 589/712/658 586/709/655 680/708/654
f 682/710/656 685/713/659 683/711/657
f 683/711/657 686/714/660 592/715/661
f 592/715/661 589/712/658 683/711/657
f 685/713/659 688/716/662 686/714/660
f 686/714/660 689/717/663 595/718/664
f 595/718/664 592/715/661 686/714/660
f 688/716/662 691/719/665 689/717/663
f 689/717/663 692/720/666 598/721/667
f 598/721/667 595/718/664 689/717/663
f 691/719/665 694/722/668 692/720/666
f 692/720/666 695/723/669 601/724/670
f 601/724/670 598/721/667 692/720/666
f 694/722/668 697/725/671 695/723/669
f 695/723/669 698/726/672 699/727/673
f 699/727/673 601/724/670 695/723/669
f 699/727/673 700/728/674 701/729/675
f 701/729/675 602/624/574 699/727/673
f 701/730/675 702/731/676 703/732/677
f 703/732/677 603/733/575 701/730/675
f 703/732/677 704/734/678 705/735/679
f 705/735/679 605/628/577 703/732/677
f 705/735/679 706/736/680 707/737/681
f 707/737/681 607/631/579 705/735/679
f 707/737/681 708/738/682 709/739/683
f 709/739/683 609/633/581 707/737/681
f 709/739/683 710/740/684 711/741/685
f 711/741/685 611/635/583 709/739/683
f 711/741/685 712/742/686 713/743/687
f 713/743/687 613/637/585 711/741/685
f 712/742/686 715/744/688 713/743/687
f 715/744/688 615/639/587 713/743/687
f 714/745/689 717/746/690 715/744/688
f 717/746/690 617/641/589 715/744/688
f 717/746/690 718/747/691 719/748/692
f 719/748/692 619/643/591 717/746/690
f 720/749/693 721/750/694 722/751/695
f 720/749/693 624/649/597 622/647/595
f 720/749/693 620/644/592 619/643/591
f 722/751/695 723/752/696 724/753/697
f 722/751/695 626/651/599 624/649/597
f 724/753/697 725/754/698 726/755/699
f 724/753/697 628/654/602 626/651/599
f 726/755/699 727/756/700 728/757/701
f 726/755/699 630/758/702 628/654/602
f 728/757/701 729/759/703 730/760/704
f 730/760/704 630/758/702 728/757/701
f 731/761/705 732/762/706 733/763/707
f 731/761/705 635/764/708 633/658/606
f 633/658/606 630/758/702 731/761/705
f 733/763/707 734/765/709 735/766/710
f 733/763/707 637/661/609 635/764/708
f 735/767/710 736/768/711 737/769/712
f 737/769/712 637/770/609 735/767/710
f 738/771/713 739/772/714 740/773/715
f 740/773/715 640/665/612 738/771/713
f 738/771/713 638/774/610 637/770/609
f 741/775/716 742/776/717 743/777/718
f 743/777/718 643/670/616 741/775/716
f 741/775/716 641/666/613 640/665/612
f 744/778/719 745/779/720 746/780/721
f 746/780/721 646/674/620 744/778/719
f 744/778/719 644/671/617 643/670/616
f 747/781/722 748/782/723 749/783/724
f 749/783/724 649/677/623 747/781/722
f 747/781/722 647/675/621 646/674/620
f 750/784/725 751/785/726 752/786/727
f 752/786/727 754/787/728 750/784/725
f 750/784/725 650/678/624 649/677/623
f 754/787/728 657/685/631 655/683/629
f 655/683/629 650/678/624 754/787/728
f 753/788/729 755/789/730 756/790/731
f 753/788/729 659/690/636 657/685/631
f 755/789/730 665/693/639 756/790/731
f 756/790/731 663/691/637 659/690/636
f 755/789/730 759/791/732 757/792/733
f 759/791/732 668/696/642 757/792/733
f 757/792/733 666/694/640 665/693/639
f 759/791/732 762/793/734 760/794/735
f 762/793/734 764/795/736 760/794/735
f 760/794/735 669/697/643 668/696/642
f 763/796/737 766/797/738 764/795/736
f 764/795/736 670/798/739 669/697/643
f 765/799/740 675/800/741 766/797/738
f 675/800/741 670/798/739 766/797/738
f 767/801/742 768/802/743 769/803/744
f 769/803/744 678/804/745 767/801/742
f 767/801/742 676/704/650 675/800/741
f 770/805/746 771/806/747 772/807/748
f 772/807/748 681/808/749 770/805/746
f 681/808/749 678/804/745 770/805/746
f 773/809/750 774/810/751 775/811/752
f 773/809/750 776/812/753 684/813/754
f 684/813/754 681/808/749 773/809/750
f 775/811/752 778/814/755 776/812/753
f 776/812/753 779/815/756 687/816/757
f 687/816/757 684/813/754 776/812/753
f 778/814/755 781/817/758 779/815/756
f 779/815/756 782/818/759 690/819/760
f 690/819/760 687/816/757 779/815/756
f 781/817/758 784/820/761 782/818/759
f 782/818/759 785/821/762 693/822/763
f 693/822/763 690/819/760 782/818/759
f 784/820/761 787/823/764 785/821/762
f 785/821/762 788/824/765 696/825/766
f 696/825/766 693/822/763 785/821/762
f 787/823/764 790/826/767 788/824/765
f 788/824/765 791/827/768 792/828/769
f 792/828/769 696/825/766 788/824/765
f 792/828/769 793/829/770 794/830/771
f 794/830/771 697/725/671 792/828/769
f 794/830/771 795/831/772 796/832/773
f 796/832/773 698/726/672 794/830/771
f 796/833/773 797/834/774 798/835/775
f 798/835/775 700/836/674 796/833/773
f 798/835/775 799/837/776 800/838/777
f 800/838/777 702/731/676 798/835/775
f 800/838/777 801/839/778 802/840/779
f 802/840/779 704/734/678 800/838/777
f 802/840/779 803/841/780 804/842/781
f 804/842/781 706/736/680 802/840/779
f 804/842/781 805/843/782 806/844/783
f 806/844/783 708/738/682 804/842/781
f 806/844/783 807/845/784 808/846/785
f 806/844/783 712/742/686 710/740/684
f 808/846/785 809/847/786 810/848/787
f 808/846/785 714/745/689 712/742/686
f 810/848/787 811/849/788 812/850/789
f 810/848/787 716/851/790 714/745/689
f 812/850/789 813/852/791 814/853/792
f 814/853/792 716/851/790 812/850/789
f 814/853/792 815/854/793 816/855/794
f 816/855/794 718/747/691 814/853/792
f 817/856/795 818/857/796 819/858/797
f 819/858/797 721/750/694 817/856/795
f 817/856/795 719/748/692 718/747/691
f 819/858/797 820/859/798 821/860/799
f 821/860/799 723/752/696 819/858/797
f 821/860/799 822/861/800 823/862/801
f 823/862/801 725/754/698 821/860/799
f 823/862/801 824/863/802 825/864/803
f 823/862/801 729/759/703 727/756/700
f 825/864/803 826/865/804 827/866/805
f 825/864/803 828/867/806 729/759/703
f 827/866/805 830/868/807 828/867/806
f 830/868/807 732/762/706 828/867/806
f 828/867/806 730/760/704 729/759/703
f 830/869/807 831/870/808 832/871/809
f 832/871/809 734/872/709 830/869/807
f 832/871/809 833/873/810 834/874/811
f 834/874/811 736/768/711 832/871/809
f 835/875/812 836/876/813 837/877/814
f 837/877/814 739/772/714 835/875/812
f 835/875/812 737/769/712 736/768/711
f 838/878/815 839/879/816 840/880/817
f 840/880/817 742/776/717 838/878/815
f 838/878/815 740/773/715 739/772/714
f 841/881/818 842/882/819 843/883/820
f 843/883/820 745/779/720 841/881/818
f 841/881/818 743/777/718 742/776/717
f 844/884/821 845/885/822 846/886/823
f 846/886/823 748/782/723 844/884/821
f 844/884/821 746/780/721 745/779/720
f 847/887/824 848/888/825 849/889/826
f 849/889/826 751/785/726 847/887/824
f 847/887/824 749/783/724 748/782/723
f 849/889/826 850/890/827 761/891/828
f 761/891/828 758/892/829 849/889/826
f 848/888/825 852/893/830 850/890/827
f 850/890/827 853/894/831 854/895/832
f 854/895/832 761/891/828 850/890/827
f 854/895/832 855/896/833 856/897/834
f 856/897/834 762/793/734 854/895/832
f 856/897/834 857/898/835 768/802/743
f 856/897/834 765/799/740 763/796/737
f 855/896/833 859/899/836 857/898/835
f 859/899/836 771/806/747 857/898/835
f 857/898/835 769/803/744 768/802/743
f 860/900/837 861/901/838 862/902/839
f 862/902/839 774/810/751 860/900/837
f 860/900/837 772/807/748 771/806/747
f 863/903/840 864/904/841 865/905/842
f 865/905/842 777/906/843 863/903/840
f 863/903/840 775/811/752 774/810/751
f 866/907/844 867/908/845 868/909/846
f 868/909/846 780/910/847 866/907/844
f 780/910/847 777/906/843 866/907/844
f 869/911/848 870/912/849 871/913/850
f 871/913/850 783/914/851 869/911/848
f 783/914/851 780/910/847 869/911/848
f 872/915/852 873/916/853 874/917/854
f 874/917/854 786/918/855 872/915/852
f 786/918/855 783/914/851 872/915/852
f 875/919/856 876/920/857 877/921/858
f 875/919/856 878/922/859 789/923/860
f 789/923/860 786/918/855 875/919/856
f 878/922/859 879/924/861 880/925/862
f 878/922/859 881/926/863 882/927/864
f 882/927/864 789/923/860 878/922/859
f 882/927/864 883/928/865 884/929/866
f 882/927/864 791/827/768 790/826/767
f 884/929/866 885/930/867 886/931/868
f 884/929/866 793/829/770 791/827/768
f 886/931/868 887/932/869 888/933/870
f 888/933/870 793/829/770 886/931/868
f 888/934/870 889/935/871 890/936/872
f 890/936/872 795/937/772 888/934/870
f 890/936/872 891/938/873 892/939/874
f 892/939/874 797/834/774 890/936/872
f 892/939/874 893/940/875 894/941/876
f 894/941/876 799/837/776 892/939/874
f 894/941/876 895/942/877 896/943/878
f 896/943/878 801/839/778 894/941/876
f 896/943/878 897/944/879 898/945/880
f 898/945/880 803/841/780 896/943/878
f 898/945/880 899/946/881 900/947/882
f 900/947/882 805/843/782 898/945/880
f 900/947/882 901/948/883 902/949/884
f 902/949/884 807/845/784 900/947/882
f 902/949/884 903/950/885 904/951/886
f 904/951/886 809/847/786 902/949/884
f 904/951/886 905/952/887 906/953/888
f 906/953/888 811/849/788 904/951/886
f 906/953/888 907/954/889 908/955/890
f 908/955/890 813/852/791 906/953/888
f 908/955/890 909/956/891 910/957/892
f 910/957/892 815/854/793 908/955/890
f 911/958/893 912/959/894 913/960/895
f 913/960/895 818/857/796 911/958/893
f 911/958/893 816/855/794 815/854/793
f 913/960/895 914/961/896 915/962/897
f 915/962/897 820/859/798 913/960/895
f 915/962/897 916/963/898 917/964/899
f 917/964/899 822/861/800 915/962/897
f 917/964/899 918/965/900 919/966/901
f 919/966/901 824/863/802 917/964/899
f 919/966/901 920/967/902 921/968/903
f 921/968/903 826/865/804 919/966/901
f 922/969/904 923/970/905 924/971/906
f 924/971/906 829/972/907 922/969/904
f 829/973/907 826/865/804 922/974/904
f 923/970/905 926/975/908 924/971/906
f 926/975/908 831/870/808 924/971/906
f 925/976/909 928/977/910 926/975/908
f 928/977/910 833/873/810 926/975/908
f 929/978/911 930/979/912 931/980/913
f 931/980/913 836/876/813 929/978/911
f 929/978/911 834/874/811 833/873/810
f 932/981/914 933/982/915 934/983/916
f 934/983/916 839/879/816 932/981/914
f 932/981/914 837/877/814 836/876/813
f 935/984/917 936/985/918 937/986/919
f 937/986/919 842/882/819 935/984/917
f 935/984/917 840/880/817 839/879/816
f 938/987/920 939/988/921 940/989/922
f 940/989/922 845/885/822 938/987/920
f 938/987/920 843/883/820 842/882/819
f 940/989/922 941/990/923 942/991/924
f 942/991/924 851/992/925 940/989/922
f 942/991/924 943/993/926 944/994/927
f 944/994/927 852/893/830 942/991/924
f 944/994/927 945/995/928 858/996/929
f 858/996/929 853/894/831 944/994/927
f 945/995/928 946/997/930 947/998/931
f 947/998/931 861/901/838 945/995/928
f 945/995/928 859/899/836 858/996/929
f 948/999/932 949/1000/933 950/1001/934
f 950/1001/934 864/904/841 948/999/932
f 948/999/932 862/902/839 861/901/838
f 951/1002/935 952/1003/936 953/1004/937
f 953/1004/937 867/908/845 951/1002/935
f 951/1002/935 865/905/842 864/904/841
f 954/1005/938 955/1006/939 956/1007/940
f 956/1007/940 870/912/849 954/1005/938
f 954/1005/938 868/909/846 867/908/845
f 957/1008/941 958/1009/942 959/1010/943
f 959/1010/943 873/916/853 957/1008/941
f 957/1008/941 871/913/850 870/912/849
f 960/1011/944 961/1012/945 962/1013/946
f 962/1013/946 876/920/857 960/1011/944
f 960/1011/944 874/917/854 873/916/853
f 962/1013/946 965/1014/947 963/1015/948
f 963/1015/948 966/1016/949 879/924/861
f 963/1015/948 877/921/858 876/920/857
f 965/1014/947 968/1017/950 966/1016/949
f 966/1016/949 969/1018/951 970/1019/952
f 970/1019/952 879/924/861 966/1016/949
f 969/1018/951 972/1020/953 970/1019/952
f 970/1019/952 881/926/863 880/925/862
f 972/1020/953 973/1021/954 974/1022/955
f 974/1022/955 881/926/863 972/1020/953
f 974/1022/955 975/1023/956 976/1024/957
f 976/1024/957 883/928/865 974/1022/955
f 976/1024/957 977/1025/958 978/1026/959
f 978/1026/959 885/930/867 976/1024/957
f 977/1027/958 980/1028/960 978/1029/959
f 980/1028/960 887/1030/869 978/1029/959
f 979/1031/961 982/1032/962 980/1028/960
f 982/1032/962 889/935/871 980/1028/960
f 982/1032/962 983/1033/963 984/1034/964
f 984/1034/964 891/938/873 982/1032/962
f 984/1034/964 985/1035/965 986/1036/966
f 986/1036/966 893/940/875 984/1034/964
f 985/1035/965 988/1037/967 986/1036/966
f 988/1037/967 895/942/877 986/1036/966
f 988/1037/967 989/1038/968 990/1039/969
f 990/1039/969 897/944/879 988/1037/967
f 990/1039/969 991/1040/970 992/1041/971
f 992/1041/971 899/946/881 990/1039/969
f 992/1041/971 993/1042/972 994/1043/973
f 994/1043/973 901/948/883 992/1041/971
f 994/1043/973 995/1044/974 996/1045/975
f 996/1045/975 903/950/885 994/1043/973
f 996/1045/975 997/1046/976 998/1047/977
f 998/1047/977 905/952/887 996/1045/975
f 998/1047/977 999/1048/978 1000/1049/979
f 1000/1049/979 907/954/889 998/1047/977
f 1000/1049/979 1001/1050/980 1002/1051/981
f 1002/1051/981 909/956/891 1000/1049/979
f 1003/1052/982 1004/1053/983 1005/1054/984
f 1005/1054/984 912/959/894 1003/1052/982
f 1003/1052/982 910/957/892 909/956/891
f 1005/1054/984 1006/1055/985 1007/1056/986
f 1007/1056/986 914/961/896 1005/1054/984
f 1007/1056/986 1008/1057/987 1009/1058/988
f 1009/1058/988 916/963/898 1007/1056/986
f 1009/1058/988 1010/1059/989 1011/1060/990
f 1011/1060/990 918/965/900 1009/1058/988
f 1011/1061/990 1012/1062/991 1013/1063/992
f 1013/1063/992 920/1064/902 1011/1061/990
f 1014/1065/993 1015/1066/994 1016/1067/995
f 1016/1067/995 923/970/905 1014/1065/993
f 1014/1065/993 921/1068/903 920/1064/902
f 1016/1067/995 1017/1069/996 1018/1070/997
f 1016/1067/995 927/1071/998 925/976/909
f 1018/1070/997 1019/1072/999 1020/1073/1000
f 1018/1070/997 1021/1074/1001 927/1071/998
f 1020/1073/1000 1023/1075/1002 1021/1074/1001
f 1021/1074/1001 1024/1076/1003 930/979/912
f 930/979/912 927/1071/998 1021/1074/1001
f 1023/1075/1002 1026/1077/1004 1024/1076/1003
f 1024/1076/1003 1027/1078/1005 933/982/915
f 933/982/915 930/979/912 1024/1076/1003
f 1026/1077/1004 1029/1079/1006 1027/1078/1005
f 1027/1078/1005 1030/1080/1007 936/985/918
f 1027/1078/1005 934/983/916 933/982/915
f 1029/1079/1006 1032/1081/1008 1030/1080/1007
f 1030/1080/1007 941/990/923 939/988/921
f 1030/1080/1007 937/986/919 936/985/918
f 1031/1082/1009 946/997/930 1032/1081/1008
f 1032/1081/1008 943/993/926 941/990/923
f 1033/1083/1010 1034/1084/1011 1035/1085/1012
f 1035/1085/1012 949/1000/933 1033/1083/1010
f 1033/1083/1010 947/998/931 946/997/930
f 1036/1086/1013 1037/1087/1014 1038/1088/1015
f 1038/1088/1015 952/1003/936 1036/1086/1013
f 1036/1086/1013 950/1001/934 949/1000/933
f 1039/1089/1016 1040/1090/1017 1041/1091/1018
f 1041/1091/1018 955/1006/939 1039/1089/1016
f 1039/1089/1016 953/1004/937 952/1003/936
f 1042/1092/1019 1043/1093/1020 1044/1094/1021
f 1044/1094/1021 958/1009/942 1042/1092/1019
f 1042/1092/1019 956/1007/940 955/1006/939
f 1045/1095/1022 1046/1096/1023 1047/1097/1024
f 1047/1097/1024 961/1012/945 1045/1095/1022
f 1045/1095/1022 959/1010/943 958/1009/942
f 1048/1098/1025 1049/1099/1026 1050/1100/1027
f 1050/1100/1027 964/1101/1028 1048/1098/1025
f 1048/1098/1025 962/1013/946 961/1012/945
f 1051/1102/1029 1052/1103/1030 1053/1104/1031
f 1051/1102/1029 1054/1105/1032 967/1106/1033
f 967/1106/1033 964/1101/1028 1051/1102/1029
f 1054/1105/1032 1055/1107/1034 1056/1108/1035
f 1054/1105/1032 1057/1109/1036 1058/1110/1037
f 1058/1110/1037 967/1106/1033 1054/1105/1032
f 1058/1110/1037 1059/1111/1038 1060/1112/1039
f 1060/1112/1039 968/1017/950 1058/1110/1037
f 1060/1112/1039 1061/1113/1040 1062/1114/1041
f 1062/1114/1041 969/1018/951 1060/1112/1039
f 1062/1114/1041 1063/1115/1042 1064/1116/1043
f 1064/1116/1043 971/1117/1044 1062/1114/1041
f 1063/1115/1042 1066/1118/1045 1064/1116/1043
f 1066/1118/1045 973/1021/954 1064/1116/1043
f 1065/1119/1046 1068/1120/1047 1066/1118/1045
f 1068/1120/1047 975/1023/956 1066/1118/1045
f 1068/1121/1047 1069/1122/1048 1070/1123/1049
f 1068/1121/1047 979/1031/961 977/1027/958
f 1070/1123/1049 1071/1124/1050 1072/1125/1051
f 1070/1123/1049 981/1126/1052 979/1031/961
f 1072/1125/1051 1073/1127/1053 1074/1128/1054
f 1072/1125/1051 983/1033/963 981/1126/1052
f 1074/1128/1054 1075/1129/1055 1076/1130/1056
f 1074/1128/1054 985/1035/965 983/1033/963
f 1075/1129/1055 1078/1131/1057 1076/1130/1056
f 1076/1130/1056 987/1132/1058 985/1035/965
f 1077/1133/1059 1080/1134/1060 1078/1131/1057
f 1078/1131/1057 989/1038/968 987/1132/1058
f 1079/1135/1061 1082/1136/1062 1080/1134/1060
f 1082/1136/1062 989/1038/968 1080/1134/1060
f 1082/1136/1062 1083/1137/1063 1084/1138/1064
f 1084/1138/1064 991/1040/970 1082/1136/1062
f 1084/1138/1064 1085/1139/1065 1086/1140/1066
f 1086/1140/1066 993/1042/972 1084/1138/1064
f 1086/1140/1066 1087/1141/1067 1088/1142/1068
f 1088/1142/1068 995/1044/974 1086/1140/1066
f 1088/1142/1068 1089/1143/1069 1090/1144/1070
f 1090/1144/1070 997/1046/976 1088/1142/1068
f 1090/1144/1070 1091/1145/1071 1092/1146/1072
f 1092/1146/1072 999/1048/978 1090/1144/1070
f 1092/1146/1072 1093/1147/1073 1094/1148/1074
f 1094/1148/1074 1001/1050/980 1092/1146/1072
f 1095/1149/1075 1096/1150/1076 1097/1151/1077
f 1097/1151/1077 1004/1053/983 1095/1149/1075
f 1095/1149/1075 1002/1051/981 1001/1050/980
f 1096/1150/1076 1099/1152/1078 1097/1151/1077
f 1099/1152/1078 1006/1055/985 1097/1151/1077
f 1098/1153/1079 1101/1154/1080 1099/1152/1078
f 1101/1154/1080 1008/1057/987 1099/1152/1078
f 1100/1155/1081 1103/1156/1082 1101/1157/1080
f 1103/1156/1082 1010/1158/989 1101/1157/1080
f 1102/1159/1083 1105/1160/1084 1103/1156/1082
f 1105/1160/1084 1012/1062/991 1103/1156/1082
f 1106/1161/1085 1107/1162/1086 1108/1163/1087
f 1108/1163/1087 1015/1066/994 1106/1161/1085
f 1106/1161/1085 1013/1063/992 1012/1062/991
f 1108/1163/1087 1109/1164/1088 1110/1165/1089
f 1110/1165/1089 1017/1069/996 1108/1163/1087
f 1109/1164/1088 1112/1166/1090 1110/1165/1089
f 1112/1166/1090 1019/1072/999 1110/1165/1089
f 1113/1167/1091 1114/1168/1092 1115/1169/1093
f 1115/1169/1093 1022/1170/1094 1113/1167/1091
f 1113/1167/1091 1020/1073/1000 1019/1072/999
f 1115/1169/1093 1118/1171/1095 1116/1172/1096
f 1116/1172/1096 1119/1173/1097 1025/1174/1098
f 1025/1174/1098 1022/1170/1094 1116/1172/1096
f 1118/1171/1095 1121/1175/1099 1119/1173/1097
f 1119/1173/1097 1034/1084/1011 1028/1176/1100
f 1028/1176/1100 1025/1174/1098 1119/1173/1097
f 1120/1177/1101 1037/1087/1014 1121/1175/1099
f 1121/1175/1099 1035/1085/1012 1034/1084/1011
f 1122/1178/1102 1123/1179/1103 1124/1180/1104
f 1124/1180/1104 1040/1090/1017 1122/1178/1102
f 1122/1178/1102 1038/1088/1015 1037/1087/1014
f 1125/1181/1105 1126/1182/1106 1127/1183/1107
f 1127/1183/1107 1043/1093/1020 1125/1181/1105
f 1125/1181/1105 1041/1091/1018 1040/1090/1017
f 1128/1184/1108 1129/1185/1109 1130/1186/1110
f 1130/1186/1110 1046/1096/1023 1128/1184/1108
f 1128/1184/1108 1044/1094/1021 1043/1093/1020
f 1131/1187/1111 1132/1188/1112 1133/1189/1113
f 1133/1189/1113 1049/1099/1026 1131/1187/1111
f 1131/1187/1111 1047/1097/1024 1046/1096/1023
f 1134/1190/1114 1135/1191/1115 1136/1192/1116
f 1136/1192/1116 1052/1103/1030 1134/1190/1114
f 1134/1190/1114 1050/1100/1027 1049/1099/1026
f 1137/1193/1117 1138/1194/1118 1139/1195/1119
f 1139/1195/1119 1055/1107/1034 1137/1193/1117
f 1137/1193/1117 1053/1104/1031 1052/1103/1030
f 1139/1195/1119 1142/1196/1120 1140/1197/1121
f 1140/1197/1121 1143/1198/1122 1144/1199/1123
f 1140/1197/1121 1056/1108/1035 1055/1107/1034
f 1143/1198/1122 1146/1200/1124 1144/1199/1123
f 1144/1199/1123 1057/1109/1036 1056/1108/1035
f 1145/1201/1125 1148/1202/1126 1146/1200/1124
f 1146/1200/1124 1059/1111/1038 1057/1109/1036
f 1147/1203/1127 1150/1204/1128 1148/1202/1126
f 1148/1202/1126 1061/1113/1040 1059/1111/1038
f 1149/1205/1129 1152/1206/1130 1150/1204/1128
f 1150/1204/1128 1063/1115/1042 1061/1113/1040
f 1151/1207/1131 1154/1208/1132 1152/1206/1130
f 1152/1206/1130 1065/1119/1046 1063/1115/1042
f 1153/1209/1133 1156/1210/1134 1154/1208/1132
f 1156/1210/1134 1065/1119/1046 1154/1208/1132
f 1155/1211/1135 1158/1212/1136 1156/1213/1134
f 1158/1212/1136 1067/1214/1137 1156/1213/1134
f 1157/1215/1138 1160/1216/1139 1158/1212/1136
f 1160/1216/1139 1069/1122/1048 1158/1212/1136
f 1160/1216/1139 1161/1217/1140 1162/1218/1141
f 1162/1218/1141 1071/1124/1050 1160/1216/1139
f 1162/1218/1141 1163/1219/1142 1164/1220/1143
f 1164/1220/1143 1073/1127/1053 1162/1218/1141
f 1164/1220/1143 1165/1221/1144 1166/1222/1145
f 1166/1222/1145 1075/1129/1055 1164/1220/1143
f 1166/1222/1145 1167/1223/1146 1168/1224/1147
f 1168/1224/1147 1077/1133/1059 1166/1222/1145
f 1168/1224/1147 1169/1225/1148 1170/1226/1149
f 1168/1224/1147 1081/1227/1150 1079/1135/1061
f 1170/1226/1149 1171/1228/1151 1172/1229/1152
f 1172/1229/1152 1081/1227/1150 1170/1226/1149
f 1172/1229/1152 1173/1230/1153 1174/1231/1154
f 1174/1231/1154 1083/1137/1063 1172/1229/1152
f 1174/1231/1154 1175/1232/1155 1176/1233/1156
f 1176/1233/1156 1085/1139/1065 1174/1231/1154
f 1176/1233/1156 1177/1234/1157 1178/1235/1158
f 1178/1235/1158 1087/1141/1067 1176/1233/1156
f 1178/1235/1158 1179/1236/1159 1180/1237/1160
f 1180/1237/1160 1089/1143/1069 1178/1235/1158
f 1180/1237/1160 1181/1238/1161 1182/1239/1162
f 1182/1239/1162 1091/1145/1071 1180/1237/1160
f 1182/1239/1162 1183/1240/1163 1184/1241/1164
f 1184/1241/1164 1093/1147/1073 1182/1239/1162
f 1185/1242/1165 1186/1243/1166 1187/1244/1167
f 1187/1244/1167 1096/1150/1076 1185/1242/1165
f 1185/1242/1165 1094/1148/1074 1093/1147/1073
f 1187/1244/1167 1188/1245/1168 1189/1246/1169
f 1189/1246/1169 1098/1153/1079 1187/1244/1167
f 1189/1247/1169 1190/1248/1170 1191/1249/1171
f 1191/1249/1171 1100/1155/1081 1189/1247/1169
f 1191/1249/1171 1192/1250/1172 1193/1251/1173
f 1193/1251/1173 1102/1159/1083 1191/1249/1171
f 1193/1251/1173 1194/1252/1174 1195/1253/1175
f 1195/1253/1175 1104/1254/1176 1193/1251/1173
f 1196/1255/1177 1197/1256/1178 1198/1257/1179
f 1198/1257/1179 1107/1162/1086 1196/1255/1177
f 1196/1255/1177 1105/1160/1084 1104/1254/1176
f 1198/1257/1179 1199/1258/1180 1200/1259/1181
f 1200/1259/1181 1109/1164/1088 1198/1257/1179
f 1200/1259/1181 1201/1260/1182 1202/1261/1183
f 1202/1261/1183 1111/1262/1184 1200/1259/1181
f 1203/1263/1185 1204/1264/1186 1205/1265/1187
f 1205/1265/1187 1114/1168/1092 1203/1263/1185
f 1203/1263/1185 1112/1166/1090 1111/1262/1184
f 1205/1265/1187 1208/1266/1188 1206/1267/1189
f 1206/1267/1189 1123/1179/1103 1117/1268/1190
f 1117/1268/1190 1114/1168/1092 1206/1267/1189
f 1207/1269/1191 1126/1182/1106 1208/1266/1188
f 1208/1266/1188 1124/1180/1104 1123/1179/1103
f 1209/1270/1192 1210/1271/1193 1211/1272/1194
f 1211/1272/1194 1129/1185/1109 1209/1270/1192
f 1209/1270/1192 1127/1183/1107 1126/1182/1106
f 1212/1273/1195 1213/1274/1196 1214/1275/1197
f 1214/1275/1197 1132/1188/1112 1212/1273/1195
f 1212/1273/1195 1130/1186/1110 1129/1185/1109
f 1215/1276/1198 1216/1277/1199 1217/1278/1200
f 1217/1278/1200 1135/1191/1115 1215/1276/1198
f 1215/1276/1198 1133/1189/1113 1132/1188/1112
f 1218/1279/1201 1219/1280/1202 1220/1281/1203
f 1220/1281/1203 1138/1194/1118 1218/1279/1201
f 1218/1279/1201 1136/1192/1116 1135/1191/1115
f 1221/1282/1204 1222/1283/1205 1223/1284/1206
f 1223/1284/1206 1141/1285/1207 1221/1282/1204
f 1221/1282/1204 1139/1195/1119 1138/1194/1118
f 1224/1286/1208 1225/1287/1209 1226/1288/1210
f 1226/1288/1210 1228/1289/1211 1224/1286/1208
f 1228/1289/1211 1141/1285/1207 1224/1286/1208
f 1228/1289/1211 1229/1290/1212 1230/1291/1213
f 1230/1291/1213 1142/1196/1120 1228/1289/1211
f 1230/1291/1213 1231/1292/1214 1232/1293/1215
f 1232/1293/1215 1143/1198/1122 1230/1291/1213
f 1232/1293/1215 1233/1294/1216 1234/1295/1217
f 1232/1293/1215 1147/1203/1127 1145/1201/1125
f 1233/1294/1216 1236/1296/1218 1234/1295/1217
f 1234/1295/1217 1149/1205/1129 1147/1203/1127
f 1235/1297/1219 1238/1298/1220 1236/1296/1218
f 1236/1296/1218 1151/1207/1131 1149/1205/1129
f 1237/1299/1221 1240/1300/1222 1238/1298/1220
f 1238/1298/1220 1153/1209/1133 1151/1207/1131
f 1239/1301/1223 1242/1302/1224 1240/1300/1222
f 1240/1300/1222 1155/1303/1135 1153/1209/1133
f 1241/1304/1225 1244/1305/1226 1242/1306/1224
f 1242/1306/1224 1157/1215/1138 1155/1211/1135
f 1243/1307/1227 1246/1308/1228 1244/1305/1226
f 1244/1305/1226 1159/1309/1229 1157/1215/1138
f 1246/1308/1228 1247/1310/1230 1248/1311/1231
f 1248/1311/1231 1159/1309/1229 1246/1308/1228
f 1248/1311/1231 1249/1312/1232 1250/1313/1233
f 1250/1313/1233 1161/1217/1140 1248/1311/1231
f 1250/1313/1233 1251/1314/1234 1252/1315/1235
f 1252/1315/1235 1163/1219/1142 1250/1313/1233
f 1252/1315/1235 1253/1316/1236 1254/1317/1237
f 1254/1317/1237 1165/1221/1144 1252/1315/1235
f 1253/1316/1236 1256/1318/1238 1254/1317/1237
f 1256/1318/1238 1167/1223/1146 1254/1317/1237
f 1255/1319/1239 1258/1320/1240 1256/1318/1238
f 1256/1318/1238 1171/1228/1151 1169/1225/1148
f 1257/1321/1241 1260/1322/1242 1258/1320/1240
f 1258/1320/1240 1173/1230/1153 1171/1228/1151
f 1259/1323/1243 84/1324/1244 1260/1322/1242
f 1260/1322/1242 1175/1232/1155 1173/1230/1153
f 1257/1321/1241 1262/1325/1245 1259/1323/1243
f 1262/1325/1245 78/81/75 1259/1323/1243
f 1262/1325/1245 1263/1326/1246 1264/1327/1247
f 1264/1327/1247 79/77/71 1262/1325/1245
f 1265/1328/1248 1266/1329/1249 1267/1330/1250
f 1267/1330/1250 1269/1331/1251 1265/1328/1248
f 1265/1328/1248 80/78/72 79/77/71
f 1268/1332/1252 1271/1333/1253 1269/1331/1251
f 1269/1331/1251 81/1334/1254 80/78/72
f 1270/1335/1255 1273/1336/1256 1271/1333/1253
f 1271/1333/1253 76/75/69 81/1334/1254
f 1272/1337/1257 72/71/65 1273/1336/1256
f 1273/1336/1256 71/73/67 76/75/69
f 1272/1337/1257 1276/1338/1258 1274/1339/1259
f 1274/1339/1259 1277/1340/1260 1278/1341/1261
f 1274/1339/1259 73/1342/1262 72/71/65
f 1278/1341/1261 1279/1343/1263 1280/1344/1264
f 1278/1341/1261 1281/1345/1265 73/1342/1262
f 1281/1345/1265 1282/1346/1266 1283/1347/1267
f 1281/1345/1265 1284/1348/1268 1285/1349/1269
f 1285/1349/1269 73/1342/1262 1281/1345/1265
f 1285/1349/1269 1286/1350/1270 1287/1351/1271
f 1287/1351/1271 74/72/66 1285/1349/1269
f 1286/1350/1270 87/1352/1272 1287/1351/1271
f 87/1352/1272 75/74/68 1287/1351/1271
f 1288/1353/1273 1289/1354/1274 1290/1355/1275
f 1290/1355/1275 1292/1356/1276 1288/1353/1273
f 1288/1353/1273 85/82/76 87/1352/1272
f 1291/1357/1277 1294/1358/1278 1292/1356/1276
f 1292/1356/1276 86/1359/1279 85/82/76
f 1293/1360/1280 1181/1238/1161 1294/1358/1278
f 1294/1358/1278 1179/1236/1159 86/1359/1279
f 1293/1360/1280 1295/1361/1281 1296/1362/1282
f 1296/1362/1282 1183/1240/1163 1293/1360/1280
f 1297/1363/1283 1298/1364/1284 1299/1365/1285
f 1299/1365/1285 1186/1243/1166 1297/1363/1283
f 1297/1363/1283 1184/1241/1164 1183/1240/1163
f 1299/1366/1285 1300/1367/1286 1301/1368/1287
f 1301/1368/1287 1188/1369/1168 1299/1366/1285
f 1301/1368/1287 1302/1370/1288 1303/1371/1289
f 1303/1371/1289 1190/1248/1170 1301/1368/1287
f 1303/1371/1289 1304/1372/1290 1305/1373/1291
f 1305/1373/1291 1192/1250/1172 1303/1371/1289
f 1305/1373/1291 1306/1374/1292 1307/1375/1293
f 1307/1375/1293 1194/1252/1174 1305/1373/1291
f 1308/1376/1294 1309/1377/1295 1310/1378/1296
f 1310/1378/1296 1197/1256/1178 1308/1376/1294
f 1308/1376/1294 1195/1253/1175 1194/1252/1174
f 1310/1378/1296 1311/1379/1297 1312/1380/1298
f 1312/1380/1298 1199/1258/1180 1310/1378/1296
f 1312/1380/1298 1313/1381/1299 1314/1382/1300
f 1314/1382/1300 1201/1260/1182 1312/1380/1298
f 1315/1383/1301 1316/1384/1302 1317/1385/1303
f 1317/1385/1303 1204/1264/1186 1315/1383/1301
f 1315/1383/1301 1202/1261/1183 1201/1260/1182
f 1317/1385/1303 1318/1386/1304 1213/1274/1196
f 1213/1274/1196 1210/1271/1193 1317/1385/1303
f 1316/1384/1302 1320/1387/1305 1318/1386/1304
f 1318/1386/1304 1321/1388/1306 1216/1277/1199
f 1318/1386/1304 1214/1275/1197 1213/1274/1196
f 1321/1388/1306 1322/1389/1307 1323/1390/1308
f 1323/1390/1308 1219/1280/1202 1321/1388/1306
f 1321/1388/1306 1217/1278/1200 1216/1277/1199
f 1324/1391/1309 1325/1392/1310 1326/1393/1311
f 1326/1393/1311 1222/1283/1205 1324/1391/1309
f 1324/1391/1309 1220/1281/1203 1219/1280/1202
f 1327/1394/1312 1328/1395/1313 1329/1396/1314
f 1329/1396/1314 1225/1287/1209 1327/1394/1312
f 1327/1394/1312 1223/1284/1206 1222/1283/1205
f 1330/1397/1315 1331/1398/1316 1332/1399/1317
f 1330/1397/1315 122/108/102 130/113/107
f 1330/1397/1315 1226/1288/1210 1225/1287/1209
f 1332/1399/1317 1333/1400/1318 1334/1401/1319
f 1332/1399/1317 123/1402/1320 122/108/102
f 1333/1400/1318 1336/1403/1321 1334/1401/1319
f 1334/1401/1319 1337/1404/1322 123/1402/1320
f 1338/1405/1323 123/1402/1320 1337/1404/1322
f 1336/1403/1321 1340/1406/1324 1337/1404/1322
f 1337/1404/1322 1341/1407/1325 1338/1405/1323
f 1341/1407/1325 1343/1408/1326 1338/1405/1323
f 1341/1407/1325 1344/1409/1327 1345/1410/1328
f 1345/1410/1328 1342/1411/1329 1341/1407/1325
f 1346/1412/1330 1348/1413/1331 1342/1411/1329
f 1346/1414/1330 1349/1415/1332 1350/1416/1333
f 1350/1416/1333 1347/1417/1334 1346/1414/1330
f 1351/1418/1335 1353/1419/1336 1347/1417/1334
f 1351/1418/1335 1354/1420/1337 1355/1421/1338
f 1355/1421/1338 1352/1422/1339 1351/1418/1335
f 1356/1423/1340 38/38/36 1352/1424/1339
f 1356/1425/1340 1358/1426/1341 1359/1427/1342
f 1359/1428/1342 1357/1429/1343 1356/1423/1340
f 1360/1430/1344 1362/1431/1345 1357/1429/1343
f 1360/1430/1344 1363/1432/1346 1364/1433/1347
f 1364/1433/1347 1361/1434/1348 1360/1430/1344
f 1365/1435/1349 1367/1436/1350 1361/1434/1348
f 1365/1435/1349 1368/1437/1351 1369/1438/1352
f 1369/1438/1352 1366/1439/1353 1365/1435/1349
f 1370/1440/1354 1372/1441/1355 1366/1439/1353
f 1370/1440/1354 1237/1299/1221 1235/1297/1219
f 1235/1297/1219 1371/1442/1356 1370/1440/1354
f 1372/1441/1355 1374/1443/1357 1375/1444/1358
f 1375/1444/1358 1366/1439/1353 1372/1441/1355
f 1371/1442/1356 1373/1445/1359 1372/1441/1355
f 131/1446/1360 1373/1445/1359 1376/1447/1361
f 1376/1447/1361 1233/1294/1216 1231/1292/1214
f 1231/1292/1214 131/1446/1360 1376/1447/1361
f 1375/1444/1358 1377/1448/1362 1378/1449/1363
f 1378/1449/1363 1367/1436/1350 1375/1444/1358
f 1379/1450/1364 10/10/8 40/1451/1365
f 40/1451/1365 1362/1431/1345 1379/1450/1364
f 1379/1450/1364 1361/1434/1348 1367/1436/1350
f 1378/1449/1363 11/11/9 10/10/8
f 1377/1448/1362 12/12/10 11/11/9
f 1374/1443/1357 31/31/29 1377/1448/1362
f 1373/1445/1359 126/1452/1366 1374/1443/1357
f 1369/1438/1352 1239/1301/1223 1237/1299/1221
f 1364/1433/1347 1380/1453/1367 1368/1437/1351
f 1368/1437/1351 1241/1454/1225 1239/1301/1223
f 1363/1455/1346 1382/1456/1368 1380/1457/1367
f 1380/1457/1367 1243/1307/1227 1241/1304/1225
f 1381/1458/1369 1384/1459/1370 1382/1456/1368
f 1382/1456/1368 1245/1460/1371 1243/1307/1227
f 1383/1461/1372 1386/1462/1373 1384/1459/1370
f 1384/1459/1370 1247/1310/1230 1245/1460/1371
f 1385/1463/1374 1388/1464/1375 1386/1462/1373
f 1388/1464/1375 1247/1310/1230 1386/1462/1373
f 1387/1465/1376 1390/1466/1377 1388/1464/1375
f 1390/1466/1377 1249/1312/1232 1388/1464/1375
f 1389/1467/1378 1392/1468/1379 1390/1466/1377
f 1390/1466/1377 1253/1316/1236 1251/1314/1234
f 1391/1469/1380 1394/1470/1381 1392/1468/1379
f 1392/1468/1379 1255/1319/1239 1253/1316/1236
f 1393/1471/1382 1261/1472/1383 1394/1470/1381
f 1394/1470/1381 1257/1321/1241 1255/1319/1239
f 1393/1471/1382 1395/1473/1384 1396/1474/1385
f 1396/1474/1385 1263/1326/1246 1393/1471/1382
f 1397/1475/1386 1398/1476/1387 1399/1477/1388
f 1399/1477/1388 1266/1329/1249 1397/1475/1386
f 1397/1475/1386 1264/1327/1247 1263/1326/1246
f 1400/1478/1389 1401/1479/1390 1402/1480/1391
f 1400/1478/1389 1403/1481/1392 1404/1482/1393
f 1404/1482/1393 1266/1329/1249 1400/1478/1389
f 1404/1482/1393 1405/1483/1394 1406/1484/1395
f 1406/1484/1395 1267/1330/1250 1404/1482/1393
f 1405/1483/1394 1408/1485/1396 1406/1484/1395
f 1406/1484/1395 1270/1335/1255 1268/1332/1252
f 1407/1486/1397 1275/1487/1398 1408/1485/1396
f 1408/1485/1396 1272/1337/1257 1270/1335/1255
f 1407/1486/1397 1411/1488/1399 1409/1489/1400
f 1409/1489/1400 1412/1490/1401 1413/1491/1402
f 1413/1491/1402 1275/1487/1398 1409/1489/1400
f 1413/1491/1402 1414/1492/1403 1415/1493/1404
f 1415/1493/1404 1276/1338/1258 1413/1491/1402
f 1415/1493/1404 1416/1494/1405 1417/1495/1406
f 1417/1495/1406 1277/1340/1260 1415/1493/1404
f 1417/1495/1406 1418/1496/1407 1419/1497/1408
f 1419/1497/1408 1279/1343/1263 1417/1495/1406
f 1420/1498/1409 60/57/54 59/56/53
f 59/56/53 1282/1346/1266 1420/1498/1409
f 1420/1498/1409 1280/1344/1264 1279/1343/1263
f 1421/1499/1410 58/61/58 1422/1500/1411
f 1422/1500/1411 1424/1501/1412 1421/1499/1410
f 1421/1499/1410 1283/1347/1267 1282/1346/1266
f 1423/1502/1413 1426/1503/1414 1424/1501/1412
f 1424/1501/1412 1284/1348/1268 1283/1347/1267
f 1426/1503/1414 1427/1504/1415 1289/1354/1274
f 1289/1354/1274 1284/1348/1268 1426/1503/1414
f 1425/1505/1416 1429/1506/1417 1427/1504/1415
f 1427/1504/1415 1430/1507/1418 1431/1508/1419
f 1431/1508/1419 1289/1354/1274 1427/1504/1415
f 1430/1507/1418 1295/1361/1281 1431/1508/1419
f 1431/1508/1419 1291/1357/1277 1290/1355/1275
f 1432/1509/1420 1433/1510/1421 1434/1511/1422
f 1434/1511/1422 1298/1512/1284 1432/1509/1420
f 1432/1513/1420 1296/1362/1282 1295/1361/1281
f 1434/1511/1422 1435/1514/1423 1436/1515/1424
f 1436/1515/1424 1300/1367/1286 1434/1511/1422
f 1436/1515/1424 1437/1516/1425 1438/1517/1426
f 1438/1517/1426 1302/1370/1288 1436/1515/1424
f 1437/1516/1425 1440/1518/1427 1438/1517/1426
f 1440/1518/1427 1304/1372/1290 1438/1517/1426
f 1440/1518/1427 115/102/96 114/1519/1428
f 114/1519/1428 1306/1374/1292 1440/1518/1427
f 1441/1520/1429 109/98/92 1442/1521/1430
f 1442/1521/1430 1309/1377/1295 1441/1520/1429
f 1441/1520/1429 1307/1375/1293 1306/1374/1292
f 1442/1521/1430 108/1522/1431 1443/1523/1432
f 1443/1523/1432 1311/1379/1297 1442/1521/1430
f 1443/1523/1432 1444/1524/1433 1445/1525/1434
f 1445/1525/1434 1313/1381/1299 1443/1523/1432
f 1444/1524/1433 1322/1389/1307 1445/1525/1434
f 1322/1389/1307 1319/1526/1435 1445/1525/1434
f 1446/1527/1436 1447/1528/1437 1448/1529/1438
f 1448/1529/1438 1325/1392/1310 1446/1527/1436
f 1446/1527/1436 1323/1390/1308 1322/1389/1307
f 1449/1530/1439 1450/1531/1440 1451/1532/1441
f 1451/1532/1441 1328/1395/1313 1449/1530/1439
f 1449/1530/1439 1326/1393/1311 1325/1392/1310
f 1452/1533/1442 1329/1396/1314 1328/1395/1313
f 1452/1533/1442 1453/1534/1443 1454/1535/1444
f 1454/1535/1444 1331/1398/1316 1452/1533/1442
f 1454/1535/1444 1455/1536/1445 1456/1537/1446
f 1456/1537/1446 1333/1400/1318 1454/1535/1444
f 1456/1537/1446 1457/1538/1447 1458/1539/1448
f 1458/1539/1448 1335/1540/1449 1456/1537/1446
f 1339/1541/1450 1335/1540/1449 1459/1542/1451
f 1459/1542/1451 1460/1543/1452 1461/1544/1453
f 1461/1544/1453 1339/1541/1450 1459/1542/1451
f 1344/1409/1327 1339/1541/1450 1462/1545/1454
f 1462/1546/1454 1463/1547/1455 1464/1548/1456
f 1464/1548/1456 1344/1549/1327 1462/1546/1454
f 1465/1550/1457 1345/1551/1328 1344/1549/1327
f 1465/1550/1457 1466/1552/1458 1467/1553/1459
f 1467/1553/1459 1349/1415/1332 1465/1550/1457
f 1468/1554/1460 1350/1416/1333 1349/1415/1332
f 1468/1554/1460 1469/1555/1461 1470/1556/1462
f 1470/1556/1462 1354/1420/1337 1468/1554/1460
f 1471/1557/1463 1355/1421/1338 1354/1420/1337
f 1471/1557/1463 1385/1463/1374 1383/1461/1372
f 1383/1461/1372 1358/1426/1341 1471/1557/1463
f 1470/1556/1462 1387/1465/1376 1385/1463/1374
f 1467/1553/1459 1472/1558/1464 1469/1555/1461
f 1469/1555/1461 1389/1467/1378 1387/1465/1376
f 1466/1552/1458 1395/1473/1384 1472/1558/1464
f 1472/1558/1464 1391/1469/1380 1389/1467/1378
f 1473/1559/1465 1464/1548/1456 1463/1547/1455
f 1463/1547/1455 1398/1476/1387 1473/1559/1465
f 1473/1559/1465 1396/1474/1385 1395/1473/1384
f 1474/1560/1466 1461/1561/1453 1460/1562/1452
f 1460/1562/1452 1401/1479/1390 1474/1560/1466
f 1474/1560/1466 1399/1477/1388 1398/1476/1387
f 1475/1563/1467 1458/1539/1448 1457/1538/1447
f 1457/1538/1447 1477/1564/1468 1475/1563/1467
f 1475/1565/1467 1402/1480/1391 1401/1479/1390
f 1477/1564/1468 1478/1566/1469 1479/1567/1470
f 1479/1568/1470 1402/1480/1391 1477/1569/1468
f 1478/1566/1469 1481/1570/1471 1479/1567/1470
f 1481/1571/1471 1403/1481/1392 1479/1568/1470
f 1481/1570/1471 1482/1572/1472 1410/1573/1473
f 1481/1571/1471 1407/1486/1397 1405/1483/1394
f 1480/1574/1474 1484/1575/1475 1482/1572/1472
f 1482/1572/1472 1485/1576/1476 1486/1577/1477
f 1486/1577/1477 1410/1573/1473 1482/1572/1472
f 1486/1577/1477 1487/1578/1478 1488/1579/1479
f 1488/1579/1479 1411/1580/1399 1486/1577/1477
f 1487/1578/1478 1490/1581/1480 1488/1579/1479
f 1490/1581/1480 1412/1582/1401 1488/1579/1479
f 1489/1583/1481 1492/1584/1482 1490/1581/1480
f 1492/1584/1482 1414/1585/1403 1490/1581/1480
f 1491/1586/1483 1494/1587/1484 1492/1584/1482
f 1494/1587/1484 1416/1588/1405 1492/1584/1482
f 1493/1589/1485 65/68/62 1494/1587/1484
f 1494/1587/1484 61/67/55 1418/1590/1407
f 1493/1589/1485 1495/1591/1486 1496/1592/1487
f 1496/1592/1487 66/63/60 1493/1589/1485
f 1497/1593/1488 67/64/61 66/63/60
f 1496/1592/1487 1500/1594/1489 1497/1593/1488
f 1500/1594/1489 1498/1595/1490 1497/1593/1488
f 1501/1596/1491 1503/1597/1492 1498/1595/1490
f 1501/1596/1491 1504/1598/1493 1505/1599/1494
f 1505/1599/1494 1502/1600/1495 1501/1596/1491
f 1505/1599/1494 1506/1601/1496 1507/1602/1497
f 1507/1602/1497 1428/1603/1498 1505/1599/1494
f 1506/1601/1496 1433/1510/1421 1507/1602/1497
f 1433/1510/1421 1429/1604/1417 1507/1602/1497
f 1504/1598/1493 1509/1605/1499 1506/1601/1496
f 1509/1605/1499 1435/1514/1423 1506/1601/1496
f 1509/1605/1499 1510/1606/1500 1511/1607/1501
f 1511/1607/1501 1437/1516/1425 1509/1605/1499
f 1511/1607/1501 118/103/97 116/106/100
f 116/106/100 1439/1608/1502 1511/1607/1501
f 1508/1609/1503 1512/1610/1504 1510/1606/1500
f 1510/1606/1500 119/1611/1505 118/103/97
f 1499/1612/1506 1495/1591/1486 1512/1610/1504
f 1512/1610/1504 1513/1613/1507 119/1611/1505
f 1514/1614/1508 119/1611/1505 1513/1613/1507
f 1495/1591/1486 1489/1583/1481 1513/1613/1507
f 1489/1583/1481 1514/1614/1508 1513/1613/1507
f 1515/1615/1509 120/104/98 1514/1614/1508
f 1514/1614/1508 1485/1576/1476 1515/1615/1509
f 1516/1616/1510 113/107/101 1515/1615/1509
f 1515/1615/1509 1484/1575/1475 1516/1616/1510
f 1517/1617/1511 110/100/94 1516/1616/1510
f 1516/1616/1510 1483/1618/1512 1517/1617/1511
f 1518/1619/1513 111/1620/1514 1517/1617/1511
f 1483/1618/1512 1518/1619/1513 1517/1617/1511
f 1520/1621/1515 1522/1622/1516 1518/1619/1513
f 1520/1621/1515 1480/1574/1474 1478/1566/1469
f 1478/1566/1469 1521/1623/1517 1520/1621/1515
f 1522/1622/1516 1451/1532/1441 1450/1531/1440
f 1450/1531/1440 1518/1619/1513 1522/1622/1516
f 1521/1623/1517 1453/1534/1443 1522/1622/1516
f 1476/1624/1518 1455/1536/1445 1521/1623/1517
f 1519/1625/1519 1448/1529/1438 1447/1528/1437
f 1447/1528/1437 111/1620/1514 1519/1625/1519
f 1504/1598/1493 1499/1612/1506 1508/1609/1503
f 1422/1500/1411 63/60/57 1503/1626/1492
f 63/65/57 1498/1595/1490 1503/1597/1492
f 1503/1626/1492 1423/1502/1413 1422/1500/1411
f 1502/1627/1495 1425/1505/1416 1423/1502/1413
f 1447/1528/1437 108/1522/1431 107/97/91
f 1419/1497/1408 61/58/55 60/57/54
f 1381/1458/1369 1359/1427/1342 1358/1426/1341
f 39/39/37 1357/1429/1343 1362/1431/1345
f 1353/1628/1336 36/36/34 1523/1629/1520
f 1523/1629/1520 1347/1630/1334 1353/1628/1336
f 1352/1424/1339 37/37/35 1353/1628/1336
f 1523/1629/1520 14/14/12 1524/1631/1521
f 1524/1631/1521 1348/1413/1331 1523/1629/1520
f 1525/1632/1522 30/34/32 33/33/31
f 33/33/31 1343/1408/1326 1525/1632/1522
f 1525/1632/1522 1342/1411/1329 1348/1413/1331
f 1524/1631/1521 13/13/11 30/34/32
f 128/1633/1523 1338/1405/1323 1343/1408/1326
f 1319/1526/1435 1314/1382/1300 1313/1381/1299
f 1227/1634/1524 131/1446/1360 1229/1290/1212
f 1227/1634/1524 130/113/107 129/114/108
f 1210/1271/1193 1205/1265/1187 1204/1264/1186
f 1177/1234/1157 86/1359/1279 1179/1236/1159
f 1177/1234/1157 84/1324/1244 83/80/74
f 1120/1177/1101 1117/1268/1190 1123/1179/1103
f 1031/1082/1009 1028/1176/1100 1034/1084/1011
f 851/992/925 846/886/823 845/885/822
f 758/892/829 752/786/727 751/785/726
f 429/430/401 28/28/26 431/432/403
f 214/279/257 148/129/123 147/126/120
f 158/177/166 154/132/126 200/186/172
f 190/173/162 162/139/133 160/137/131
f 185/1635/157 5/1636/1525 189/172/161
f 5/1636/1525 162/139/133 189/172/161
f 134/252/234 46/44/42 169/146/140
f 164/141/135 4/4/3 70/152/144
f 128/1633/1523 32/32/30 125/111/105
f 126/1452/1366 32/32/30 31/31/29
f 81/1334/1254 75/74/68 82/79/73
f 40/1451/1365 9/15/13 35/40/38
f 36/36/34 9/15/13 14/14/12
f 1/1/1 2/8/6 3/2/2
f 4/4/3 5/1636/1525 6/5/4
f 1/1/1 6/166/4 7/7/5
f 8/9/7 9/15/13 10/10/8
f 8/9/7 11/11/9 12/12/10
f 8/9/7 13/13/11 14/14/12
f 15/16/14 16/20/18 17/17/15
f 15/16/14 19/22/20 20/19/17
f 15/16/14 18/18/16 21/21/19
f 22/23/21 23/29/27 24/24/22
f 22/23/21 25/25/23 26/26/24
f 22/23/21 27/27/25 28/28/26
f 29/30/28 30/34/32 13/13/11
f 29/30/28 12/12/10 31/31/29
f 29/30/28 32/32/30 33/33/31
f 34/35/33 35/40/38 36/36/34
f 34/35/33 37/37/35 38/38/36
f 39/39/37 40/1451/1365 35/40/38
f 41/41/39 42/46/44 43/42/40
f 44/43/41 45/143/137 46/44/42
f 41/41/39 46/44/42 47/45/43
f 48/47/45 49/428/48 50/48/46
f 48/50/45 51/438/47 20/19/17
f 48/50/45 19/22/20 21/21/19
f 25/25/23 52/54/51 53/52/49
f 24/24/22 55/557/510 52/54/51
f 54/53/50 56/572/525 26/26/24
f 57/55/52 58/61/58 59/56/53
f 57/55/52 60/57/54 61/58/55
f 57/55/52 62/59/56 63/60/57
f 64/62/59 65/68/62 66/63/60
f 64/62/59 67/64/61 63/65/57
f 64/62/59 62/66/56 61/67/55
f 3/2/2 2/8/6 68/69/63
f 69/70/64 70/153/144 4/3/3
f 72/71/65 73/1342/1262 74/72/66
f 71/73/67 74/72/66 75/74/68
f 77/76/70 78/81/75 79/77/71
f 80/78/72 81/1334/1254 82/79/73
f 83/80/74 84/1324/1244 78/81/75
f 85/82/76 86/1359/1279 83/80/74
f 82/79/73 87/1352/1272 85/82/76
f 89/83/77 90/301/279 91/84/78
f 92/86/80 93/291/269 89/83/77
f 88/85/79 94/89/83 95/87/81
f 96/88/82 97/204/190 94/89/83
f 91/84/78 98/318/296 96/88/82
f 99/90/84 100/94/88 101/91/85
f 99/90/84 103/96/90 104/93/87
f 99/90/84 102/92/86 105/95/89
f 107/97/91 108/1522/1431 109/98/92
f 110/100/94 111/1620/1514 107/97/91
f 112/101/95 113/107/101 110/100/94
f 109/98/92 114/1519/1428 115/102/96
f 115/102/96 116/106/100 112/101/95
f 118/103/97 119/1611/1505 120/104/98
f 117/105/99 112/101/95 116/106/100
f 117/105/99 120/104/98 113/107/101
f 122/108/102 123/1402/1320 124/109/103
f 125/111/105 126/1452/1366 127/112/106
f 124/109/103 128/1633/1523 125/111/105
f 121/110/104 129/114/108 130/113/107
f 127/112/106 131/1446/1360 129/114/108
f 133/115/109 42/46/44 47/45/43
f 47/45/43 134/252/234 135/117/111
f 136/118/112 137/128/122 133/115/109
f 135/117/111 138/261/239 139/119/113
f 139/119/113 140/120/114 136/118/112
f 140/120/114 139/119/113 141/121/115
f 142/122/116 143/270/248 144/123/117
f 140/120/114 144/123/117 145/124/118
f 145/124/118 144/123/117 146/125/119
f 147/126/120 148/129/123 149/127/121
f 145/124/118 149/127/121 137/128/122
f 148/129/123 150/192/178 151/130/124
f 149/127/121 151/130/124 152/131/125
f 151/130/124 153/189/175 154/132/126
f 152/131/125 154/132/126 155/133/127
f 156/134/128 133/115/109 137/128/122
f 156/134/128 155/133/127 157/135/129
f 43/42/40 42/46/44 133/115/109
f 155/133/127 158/177/166 159/136/130
f 157/135/129 159/136/130 160/137/131
f 161/138/132 44/43/41 43/42/40
f 161/138/132 160/137/131 162/139/133
f 163/140/134 45/143/137 44/43/41
f 163/140/134 162/139/133 164/141/135
f 165/142/136 166/144/138 45/143/137
f 166/144/138 167/148/142 168/145/139
f 169/146/140 46/44/42 45/143/137
f 166/144/138 165/142/136 170/147/141
f 171/149/143 172/154/145 167/150/142
f 165/142/136 164/141/135 70/152/144
f 70/153/144 69/70/64 171/149/143
f 172/154/145 173/157/148 174/155/146
f 175/156/147 168/250/139 167/150/142
f 171/149/143 176/158/149 173/157/148
f 176/158/149 177/160/151 178/159/150
f 176/158/149 171/149/143 69/70/64
f 68/69/63 179/161/152 177/160/151
f 179/161/152 180/163/154 181/162/153
f 179/161/152 68/69/63 2/8/6
f 7/7/5 182/164/155 180/163/154
f 182/164/155 183/168/158 184/165/156
f 182/164/155 7/7/5 6/166/4
f 185/167/157 186/169/159 183/168/158
f 186/169/159 187/181/163 188/170/160
f 186/171/159 185/1635/157 189/172/161
f 190/173/162 191/176/165 187/174/163
f 192/175/164 193/182/169 187/174/163
f 191/176/165 190/173/162 160/137/131
f 191/176/165 159/136/130 158/177/166
f 194/178/167 195/228/211 196/179/168
f 196/179/168 188/170/160 187/181/163
f 193/182/169 192/175/164 197/183/170
f 198/185/171 199/225/208 194/184/167
f 192/175/164 158/177/166 200/186/172
f 197/183/170 200/186/172 201/187/173
f 202/188/174 203/219/205 198/185/171
f 200/186/172 154/132/126 153/189/175
f 201/187/173 153/189/175 204/190/176
f 205/191/177 206/216/202 202/188/174
f 153/189/175 151/130/124 150/192/178
f 204/190/176 150/192/178 207/193/179
f 208/194/180 209/212/198 205/191/177
f 150/192/178 148/129/123 210/195/181
f 207/193/179 210/195/181 211/196/182
f 212/197/183 213/208/194 208/194/180
f 210/195/181 214/279/257 215/198/184
f 211/196/182 215/198/184 216/199/185
f 215/198/184 217/278/256 218/200/186
f 216/199/185 218/200/186 219/201/187
f 220/202/188 221/203/189 212/197/183
f 221/203/189 94/89/83 97/204/190
f 222/205/191 213/208/194 212/197/183
f 220/202/188 95/87/81 94/89/83
f 222/205/191 97/204/190 223/206/192
f 224/207/193 225/209/195 213/208/194
f 225/209/195 224/207/193 226/210/196
f 227/211/197 228/214/200 209/212/198
f 209/212/198 208/194/180 213/208/194
f 227/211/197 229/328/306 230/213/199
f 228/214/200 230/213/199 231/215/201
f 206/216/202 205/191/177 209/212/198
f 230/213/199 232/334/311 233/217/203
f 231/215/201 233/217/203 234/218/204
f 203/219/205 202/188/174 206/216/202
f 233/220/203 235/338/314 236/221/206
f 234/222/204 236/221/206 237/223/207
f 199/225/208 198/185/171 203/219/205
f 236/221/206 238/341/317 239/226/209
f 237/223/207 239/226/209 240/227/210
f 195/228/211 194/178/167 199/224/208
f 240/227/210 239/226/209 241/229/212
f 240/227/210 242/230/213 243/231/214
f 244/232/215 196/179/168 195/228/211
f 243/231/214 245/234/217 246/233/216
f 244/232/215 246/233/216 188/170/160
f 245/234/217 247/235/218 184/165/156
f 246/233/216 184/165/156 183/168/158
f 247/235/218 245/234/217 248/236/219
f 249/237/220 250/238/221 181/162/153
f 247/235/218 181/162/153 180/163/154
f 250/238/221 249/237/220 251/239/222
f 252/240/223 253/241/224 178/159/150
f 250/238/221 178/159/150 177/160/151
f 253/241/224 252/240/223 254/242/225
f 255/243/226 256/244/227 174/155/146
f 253/241/224 174/155/146 173/157/148
f 256/244/227 255/243/226 257/245/228
f 258/246/229 259/248/231 260/247/230
f 256/244/227 260/247/230 175/156/147
f 259/248/231 261/254/233 262/249/232
f 260/247/230 262/249/232 168/250/139
f 261/251/233 135/117/111 134/252/234
f 262/253/232 134/252/234 169/146/140
f 261/254/233 259/248/231 263/255/235
f 264/257/236 138/261/239 135/117/111
f 264/256/236 263/255/235 265/258/237
f 266/260/238 267/263/241 138/261/239
f 266/260/238 268/373/344 269/262/240
f 269/262/240 270/265/243 141/121/115
f 267/263/241 141/121/115 139/119/113
f 269/262/240 271/372/347 272/264/242
f 270/265/243 272/264/242 273/266/244
f 270/265/243 274/267/245 142/122/116
f 274/267/245 273/266/244 275/268/246
f 274/267/245 276/269/247 143/270/248
f 276/269/247 275/268/246 277/271/249
f 278/272/250 279/273/251 143/270/248
f 279/273/251 278/272/250 280/274/252
f 281/275/253 282/276/254 146/125/119
f 146/125/119 144/123/117 143/270/248
f 282/276/254 281/275/253 283/277/255
f 217/278/256 215/198/184 214/279/257
f 282/276/254 214/279/257 147/126/120
f 281/275/253 280/274/252 284/280/258
f 283/277/255 284/280/258 285/281/259
f 286/282/260 218/200/186 217/278/256
f 286/282/260 285/281/259 287/283/261
f 288/284/262 219/201/187 218/200/186
f 288/284/262 287/283/261 289/285/263
f 288/284/262 290/286/264 291/287/265
f 290/286/264 292/399/372 293/288/266
f 291/287/265 293/288/266 92/86/80
f 291/287/265 95/87/81 220/202/188
f 293/288/266 292/399/372 294/289/267
f 293/288/266 295/290/268 93/291/269
f 294/289/267 296/404/377 297/292/270
f 295/290/268 297/292/270 298/293/271
f 297/292/270 299/407/380 300/294/272
f 298/293/271 300/294/272 301/295/273
f 302/296/274 89/83/77 93/291/269
f 302/296/274 301/295/273 303/297/275
f 304/298/276 90/301/279 89/83/77
f 303/297/275 305/304/282 306/299/277
f 304/298/276 306/299/277 307/300/278
f 308/302/280 91/84/78 90/301/279
f 306/299/277 309/303/281 101/91/85
f 307/300/278 101/91/85 100/94/88
f 309/303/281 306/299/277 305/304/282
f 310/305/283 311/421/394 312/306/284
f 309/303/281 312/306/284 102/92/86
f 312/306/284 311/421/394 313/307/285
f 312/306/284 314/308/286 105/95/89
f 314/308/286 313/307/285 18/18/16
f 17/17/15 315/309/287 105/95/89
f 315/309/287 17/17/15 16/20/18
f 316/310/288 317/442/411 318/311/289
f 318/311/289 103/96/90 105/95/89
f 318/311/289 317/442/411 319/312/290
f 320/313/291 104/93/87 103/96/90
f 320/313/291 319/312/290 321/314/292
f 322/315/293 323/316/294 104/93/87
f 323/316/294 322/315/293 324/317/295
f 98/318/296 91/84/78 308/302/280
f 323/316/294 308/302/280 100/94/88
f 322/315/293 321/314/292 325/319/297
f 325/319/297 326/321/299 327/320/298
f 324/317/295 327/320/298 96/88/82
f 326/321/299 328/322/300 223/206/192
f 327/320/298 223/206/192 97/204/190
f 328/322/300 326/321/299 329/323/301
f 330/324/302 331/325/303 226/210/196
f 328/322/300 226/210/196 224/207/193
f 331/325/303 330/324/302 332/326/304
f 333/327/305 334/335/307 229/328/306
f 331/325/303 229/328/306 227/211/197
f 334/329/307 333/455/305 335/330/308
f 334/329/307 336/331/309 337/332/310
f 232/334/311 230/213/199 229/328/306
f 336/331/309 338/458/423 339/336/312
f 337/332/310 339/336/312 340/337/313
f 235/338/314 233/220/203 232/333/311
f 339/336/312 341/461/426 342/339/315
f 340/337/313 342/339/315 343/340/316
f 238/341/317 236/221/206 235/338/314
f 342/339/315 344/464/429 345/342/318
f 345/342/318 346/344/320 241/229/212
f 343/340/316 241/229/212 239/226/209
f 345/342/318 347/467/432 348/343/319
f 346/344/320 348/343/319 349/345/321
f 346/344/320 350/346/322 242/230/213
f 349/345/321 351/348/324 352/347/323
f 350/346/322 352/347/323 243/231/214
f 351/348/324 353/349/325 248/236/219
f 352/347/323 248/236/219 245/234/217
f 353/349/325 351/348/324 354/350/326
f 355/351/327 356/352/328 251/239/222
f 353/349/325 251/239/222 249/237/220
f 356/352/328 355/351/327 357/353/329
f 358/354/330 359/355/331 254/242/225
f 356/352/328 254/242/225 252/240/223
f 359/355/331 358/354/330 360/356/332
f 361/357/333 362/358/334 257/245/228
f 359/355/331 257/245/228 255/243/226
f 362/358/334 361/357/333 363/359/335
f 364/360/336 365/362/338 366/361/337
f 362/358/334 366/361/337 258/246/229
f 365/362/338 265/258/237 263/255/235
f 366/361/337 263/255/235 259/248/231
f 365/362/338 364/360/336 367/363/339
f 365/362/338 368/364/340 369/365/341
f 368/364/340 370/485/450 371/366/342
f 369/365/341 371/366/342 372/367/343
f 268/368/344 266/259/238 265/258/237
f 371/366/342 373/488/453 374/369/345
f 372/370/343 374/374/345 375/371/346
f 271/372/347 269/262/240 268/373/344
f 374/374/345 376/496/456 377/375/348
f 375/371/346 377/375/348 378/376/349
f 379/377/350 272/264/242 271/372/347
f 379/377/350 378/376/349 380/378/351
f 381/379/352 273/266/244 272/264/242
f 381/379/352 380/378/351 382/380/353
f 383/381/354 275/268/246 273/266/244
f 383/381/354 382/380/353 384/382/355
f 385/383/356 277/271/249 275/268/246
f 385/383/356 384/382/355 386/384/357
f 387/385/358 388/386/359 277/271/249
f 388/386/359 387/385/358 389/387/360
f 390/388/361 284/280/258 280/274/252
f 388/386/359 280/274/252 278/272/250
f 390/388/361 389/387/360 391/389/362
f 392/390/363 285/281/259 284/280/258
f 392/390/363 391/389/362 393/391/364
f 394/392/365 287/283/261 285/281/259
f 393/391/364 395/394/367 396/393/366
f 396/393/366 289/285/263 287/283/261
f 395/394/367 397/517/480 398/395/368
f 398/395/368 399/396/369 289/285/263
f 399/396/369 398/395/368 400/397/370
f 401/398/371 294/289/267 292/399/372
f 399/396/369 292/399/372 290/286/264
f 400/397/370 402/401/374 403/400/373
f 403/400/373 296/404/377 294/289/267
f 402/401/374 404/524/487 405/402/375
f 403/400/373 405/402/375 406/403/376
f 405/402/375 407/530/493 408/405/378
f 406/403/376 408/405/378 409/406/379
f 299/407/380 297/292/270 296/404/377
f 409/406/379 408/405/378 410/408/381
f 411/409/382 412/411/384 413/410/383
f 413/410/383 300/294/272 299/407/380
f 412/411/384 414/413/386 415/412/385
f 415/412/385 301/295/273 300/294/272
f 414/413/386 416/415/388 417/414/387
f 415/412/385 417/414/387 303/297/275
f 416/415/388 418/417/390 419/416/389
f 417/414/387 419/416/389 305/304/282
f 418/417/390 420/419/392 421/418/391
f 419/416/389 421/418/391 310/305/283
f 420/419/392 422/422/395 423/420/393
f 421/418/391 423/420/393 311/421/394
f 422/422/395 424/424/397 425/423/396
f 423/420/393 425/423/396 313/307/285
f 424/424/397 49/51/48 21/21/19
f 21/21/19 18/18/16 313/307/285
f 424/425/397 422/555/395 426/426/398
f 427/427/399 50/48/46 49/428/48
f 427/427/399 426/426/398 428/429/400
f 429/430/401 430/431/402 50/48/46
f 430/431/402 429/430/401 431/432/403
f 432/433/404 433/583/406 434/434/405
f 430/431/402 434/434/405 51/49/47
f 433/435/406 435/439/408 436/436/407
f 434/437/405 436/436/407 20/19/17
f 435/439/408 317/442/411 316/310/288
f 316/310/288 16/20/18 20/19/17
f 435/439/408 433/435/406 437/440/409
f 438/441/410 319/312/290 317/442/411
f 438/441/410 437/440/409 439/443/412
f 440/444/413 321/314/292 319/312/290
f 440/444/413 439/443/412 441/445/414
f 442/446/415 325/319/297 321/314/292
f 442/446/415 441/445/414 443/447/416
f 442/446/415 329/323/301 326/321/299
f 441/448/414 444/577/530 445/449/417
f 445/449/417 446/453/419 332/451/304
f 443/447/416 332/326/304 330/324/302
f 445/449/417 447/574/527 448/452/418
f 446/453/419 448/452/418 449/454/420
f 446/453/419 335/330/308 333/455/305
f 448/452/418 450/573/526 451/456/421
f 449/454/420 451/456/421 452/457/422
f 338/458/423 336/331/309 335/330/308
f 451/456/421 453/585/535 454/459/424
f 452/457/422 454/459/424 455/460/425
f 341/461/426 339/336/312 338/458/423
f 454/459/424 456/587/537 457/462/427
f 455/460/425 457/462/427 458/463/428
f 344/464/429 342/339/315 341/461/426
f 458/463/428 457/462/427 459/465/430
f 460/466/431 461/468/433 347/467/432
f 347/467/432 345/342/318 344/464/429
f 461/468/433 460/466/431 462/469/434
f 463/470/435 464/600/550 465/471/436
f 465/471/436 348/343/319 347/467/432
f 465/471/436 464/600/550 466/472/437
f 467/473/438 349/345/321 348/343/319
f 466/472/437 468/475/440 354/350/326
f 467/473/438 354/350/326 351/348/324
f 466/472/437 469/602/552 470/474/439
f 470/474/439 471/477/442 357/353/329
f 468/475/440 357/353/329 355/351/327
f 470/474/439 472/605/555 473/476/441
f 473/476/441 474/479/444 360/356/332
f 471/477/442 360/356/332 358/354/330
f 473/476/441 475/608/558 476/478/443
f 476/478/443 477/481/446 363/359/335
f 474/479/444 363/359/335 361/357/333
f 476/478/443 478/611/561 479/480/445
f 477/481/446 479/480/445 480/482/447
f 477/481/446 367/363/339 364/360/336
f 479/480/445 481/614/564 482/483/448
f 480/482/447 482/483/448 483/484/449
f 370/485/450 368/364/340 367/363/339
f 482/483/448 484/617/567 485/486/451
f 483/484/449 485/486/451 486/487/452
f 373/488/453 371/366/342 370/485/450
f 485/486/451 487/620/570 488/489/454
f 486/487/452 488/489/454 489/490/455
f 376/491/456 374/369/345 373/488/453
f 488/489/454 490/623/573 491/492/457
f 489/493/455 491/630/457 492/494/458
f 493/495/459 377/375/348 376/496/456
f 493/495/459 492/494/458 494/497/460
f 495/498/461 378/376/349 377/375/348
f 495/498/461 494/497/460 496/499/462
f 497/500/463 380/378/351 378/376/349
f 497/500/463 496/499/462 498/501/464
f 499/502/465 382/380/353 380/378/351
f 499/502/465 498/501/464 500/503/466
f 501/504/467 384/382/355 382/380/353
f 501/504/467 500/503/466 502/505/468
f 503/506/469 386/384/357 384/382/355
f 503/506/469 502/505/468 504/507/470
f 505/508/471 506/510/473 386/384/357
f 505/508/471 507/511/474 508/509/472
f 506/510/473 508/509/472 391/389/362
f 506/510/473 389/387/360 387/385/358
f 507/511/474 509/513/476 510/512/475
f 508/509/472 510/512/475 393/391/364
f 509/513/476 511/515/478 512/514/477
f 510/512/475 512/514/477 395/394/367
f 511/515/478 513/518/481 514/516/479
f 512/514/477 514/516/479 397/517/480
f 513/518/481 515/653/601 516/519/482
f 514/516/479 516/519/482 517/520/483
f 516/519/482 518/522/485 519/521/484
f 517/520/483 519/521/484 402/401/374
f 400/397/370 398/395/368 397/517/480
f 518/522/485 520/525/488 521/523/486
f 519/521/484 521/523/486 404/524/487
f 520/525/488 522/660/608 523/526/489
f 521/523/486 523/526/489 524/527/490
f 523/526/489 525/669/615 526/528/491
f 524/527/490 526/528/491 527/529/492
f 407/530/493 405/402/375 404/524/487
f 526/531/491 528/673/619 529/532/494
f 529/532/494 530/535/495 410/534/381
f 527/529/492 410/408/381 408/405/378
f 530/535/495 529/532/494 531/536/496
f 532/537/497 533/540/499 534/538/498
f 530/535/495 534/538/498 411/539/382
f 533/540/499 535/543/501 536/541/500
f 534/538/498 536/541/500 412/542/384
f 535/543/501 537/546/503 538/544/502
f 536/541/500 538/544/502 414/545/386
f 537/546/503 539/549/505 540/547/504
f 538/544/502 540/547/504 416/548/388
f 539/549/505 541/556/509 542/550/506
f 540/547/504 542/550/506 418/551/390
f 542/550/506 541/556/509 543/552/507
f 542/550/506 544/553/508 420/554/392
f 543/552/507 428/429/400 426/426/398
f 544/553/508 426/426/398 422/555/395
f 541/556/509 24/24/22 23/29/27
f 543/552/507 23/29/27 28/28/26
f 541/556/509 539/549/505 55/557/510
f 539/549/505 537/546/503 545/558/511
f 537/546/503 535/543/501 546/559/512
f 545/558/511 546/559/512 547/560/513
f 548/561/514 52/54/51 55/557/510
f 548/561/514 547/560/513 549/562/515
f 550/563/516 53/52/49 52/54/51
f 550/563/516 549/562/515 551/564/517
f 552/565/518 553/566/519 53/52/49
f 553/566/519 552/565/518 554/567/520
f 555/568/521 556/570/523 557/569/522
f 553/566/519 557/569/522 54/53/50
f 556/570/523 450/573/526 558/571/524
f 557/569/522 558/571/524 56/572/525
f 450/573/526 448/452/418 447/574/527
f 558/571/524 447/574/527 559/575/528
f 560/576/529 26/26/24 56/572/525
f 447/574/527 445/449/417 444/577/530
f 559/575/528 444/577/530 561/578/531
f 562/579/532 563/582/533 560/576/529
f 444/577/530 441/448/414 439/580/412
f 561/578/531 439/580/412 437/581/409
f 563/582/533 431/432/403 28/28/26
f 27/27/25 26/26/24 560/576/529
f 563/582/533 562/579/532 432/433/404
f 562/579/532 437/581/409 433/583/406
f 556/570/523 555/568/521 564/584/534
f 453/585/535 451/456/421 450/573/526
f 555/568/521 554/567/520 565/586/536
f 565/586/536 566/588/538 456/587/537
f 456/587/537 454/459/424 453/585/535
f 566/588/538 565/586/536 567/589/539
f 568/590/540 569/591/541 459/465/430
f 566/588/538 459/465/430 457/462/427
f 569/591/541 568/590/540 570/592/542
f 571/593/543 572/594/544 462/469/434
f 569/591/541 462/469/434 460/466/431
f 572/594/544 571/593/543 573/595/545
f 574/596/546 575/703/649 576/597/547
f 572/594/544 576/597/547 463/470/435
f 576/597/547 575/703/649 577/598/548
f 576/597/547 578/599/549 464/600/550
f 578/599/549 577/598/548 579/601/551
f 469/602/552 466/472/437 464/600/550
f 577/598/548 580/702/648 581/603/553
f 579/601/551 581/603/553 582/604/554
f 472/605/555 470/474/439 469/602/552
f 581/603/553 583/706/652 584/606/556
f 582/604/554 584/606/556 585/607/557
f 475/608/558 473/476/441 472/605/555
f 584/606/556 586/709/655 587/609/559
f 585/607/557 587/609/559 588/610/560
f 478/611/561 476/478/443 475/608/558
f 587/609/559 589/712/658 590/612/562
f 588/610/560 590/612/562 591/613/563
f 481/614/564 479/480/445 478/611/561
f 590/612/562 592/715/661 593/615/565
f 591/613/563 593/615/565 594/616/566
f 484/617/567 482/483/448 481/614/564
f 593/615/565 595/718/664 596/618/568
f 594/616/566 596/618/568 597/619/569
f 487/620/570 485/486/451 484/617/567
f 596/618/568 598/721/667 599/621/571
f 597/619/569 599/621/571 600/622/572
f 490/623/573 488/489/454 487/620/570
f 599/621/571 601/724/670 602/624/574
f 600/622/572 602/624/574 603/625/575
f 604/626/576 491/492/457 490/623/573
f 604/627/576 603/733/575 605/628/577
f 606/629/578 492/494/458 491/630/457
f 606/629/578 605/628/577 607/631/579
f 608/632/580 494/497/460 492/494/458
f 608/632/580 607/631/579 609/633/581
f 610/634/582 496/499/462 494/497/460
f 610/634/582 609/633/581 611/635/583
f 612/636/584 498/501/464 496/499/462
f 612/636/584 611/635/583 613/637/585
f 614/638/586 500/503/466 498/501/464
f 614/638/586 613/637/585 615/639/587
f 616/640/588 502/505/468 500/503/466
f 616/640/588 615/639/587 617/641/589
f 618/642/590 504/507/470 502/505/468
f 618/642/590 617/641/589 619/643/591
f 620/644/592 621/646/594 504/507/470
f 620/644/592 622/647/595 623/645/593
f 621/646/594 623/645/593 509/513/476
f 621/646/594 507/511/474 505/508/471
f 622/647/595 624/649/597 625/648/596
f 623/645/593 625/648/596 511/515/478
f 624/649/597 626/651/599 627/650/598
f 625/648/596 627/650/598 513/518/481
f 626/651/599 628/654/602 629/652/600
f 627/650/598 629/652/600 515/653/601
f 628/654/602 630/758/702 631/655/603
f 629/652/600 631/655/603 632/656/604
f 631/655/603 633/658/606 634/657/605
f 632/656/604 634/657/605 520/525/488
f 518/522/485 516/519/482 515/653/601
f 633/658/606 635/764/708 636/659/607
f 634/657/605 636/659/607 522/660/608
f 636/659/607 635/764/708 637/661/609
f 636/659/607 638/662/610 639/663/611
f 639/664/611 638/774/610 640/665/612
f 639/664/611 641/666/613 642/667/614
f 525/669/615 523/526/489 522/660/608
f 642/667/614 641/666/613 643/670/616
f 642/667/614 644/671/617 645/672/618
f 528/673/619 526/531/491 525/668/615
f 645/672/618 644/671/617 646/674/620
f 645/672/618 647/675/621 648/676/622
f 531/536/496 529/532/494 528/673/619
f 648/676/622 647/675/621 649/677/623
f 648/676/622 650/678/624 651/679/625
f 652/680/626 532/537/497 531/536/496
f 651/679/625 653/682/628 654/681/627
f 652/680/626 654/681/627 533/540/499
f 653/682/628 547/560/513 546/559/512
f 654/681/627 546/559/512 535/543/501
f 653/682/628 651/679/625 655/683/629
f 656/684/630 549/562/515 547/560/513
f 656/684/630 655/683/629 657/685/631
f 658/686/632 551/564/517 549/562/515
f 657/685/631 659/690/636 660/687/633
f 660/687/633 661/688/634 551/564/517
f 660/687/633 662/689/635 567/589/539
f 567/589/539 565/586/536 554/567/520
f 661/688/634 554/567/520 552/565/518
f 662/689/635 660/687/633 659/690/636
f 663/691/637 664/692/638 570/592/542
f 662/689/635 570/592/542 568/590/540
f 664/692/638 663/691/637 665/693/639
f 666/694/640 667/695/641 573/595/545
f 664/692/638 573/595/545 571/593/543
f 667/695/641 666/694/640 668/696/642
f 669/697/643 670/798/739 671/698/644
f 667/695/641 671/698/644 574/596/546
f 671/698/644 670/798/739 672/699/645
f 673/700/646 575/703/649 574/596/546
f 673/700/646 672/699/645 674/701/647
f 580/702/648 577/598/548 575/703/649
f 672/699/645 675/800/741 676/704/650
f 674/701/647 676/704/650 677/705/651
f 583/706/652 581/603/553 580/702/648
f 676/704/650 678/804/745 679/707/653
f 677/705/651 679/707/653 680/708/654
f 586/709/655 584/606/556 583/706/652
f 679/707/653 681/808/749 682/710/656
f 680/708/654 682/710/656 683/711/657
f 589/712/658 587/609/559 586/709/655
f 682/710/656 684/813/754 685/713/659
f 683/711/657 685/713/659 686/714/660
f 592/715/661 590/612/562 589/712/658
f 685/713/659 687/816/757 688/716/662
f 686/714/660 688/716/662 689/717/663
f 595/718/664 593/615/565 592/715/661
f 688/716/662 690/819/760 691/719/665
f 689/717/663 691/719/665 692/720/666
f 598/721/667 596/618/568 595/718/664
f 691/719/665 693/822/763 694/722/668
f 692/720/666 694/722/668 695/723/669
f 601/724/670 599/621/571 598/721/667
f 694/722/668 696/825/766 697/725/671
f 695/723/669 697/725/671 698/726/672
f 699/727/673 602/624/574 601/724/670
f 699/727/673 698/726/672 700/728/674
f 701/729/675 603/625/575 602/624/574
f 701/730/675 700/836/674 702/731/676
f 703/732/677 605/628/577 603/733/575
f 703/732/677 702/731/676 704/734/678
f 705/735/679 607/631/579 605/628/577
f 705/735/679 704/734/678 706/736/680
f 707/737/681 609/633/581 607/631/579
f 707/737/681 706/736/680 708/738/682
f 709/739/683 611/635/583 609/633/581
f 709/739/683 708/738/682 710/740/684
f 711/741/685 613/637/585 611/635/583
f 711/741/685 710/740/684 712/742/686
f 713/743/687 615/639/587 613/637/585
f 712/742/686 714/745/689 715/744/688
f 715/744/688 617/641/589 615/639/587
f 714/745/689 716/851/790 717/746/690
f 717/746/690 619/643/591 617/641/589
f 717/746/690 716/851/790 718/747/691
f 719/748/692 720/749/693 619/643/591
f 720/749/693 719/748/692 721/750/694
f 720/749/693 722/751/695 624/649/597
f 720/749/693 622/647/595 620/644/592
f 722/751/695 721/750/694 723/752/696
f 722/751/695 724/753/697 626/651/599
f 724/753/697 723/752/696 725/754/698
f 724/753/697 726/755/699 628/654/602
f 726/755/699 725/754/698 727/756/700
f 726/755/699 728/757/701 630/758/702
f 728/757/701 727/756/700 729/759/703
f 730/760/704 731/761/705 630/758/702
f 731/761/705 730/760/704 732/762/706
f 731/761/705 733/763/707 635/764/708
f 633/658/606 631/655/603 630/758/702
f 733/763/707 732/762/706 734/765/709
f 733/763/707 735/766/710 637/661/609
f 735/767/710 734/872/709 736/768/711
f 737/769/712 738/771/713 637/770/609
f 738/771/713 737/769/712 739/772/714
f 740/773/715 741/775/716 640/665/612
f 738/771/713 640/665/612 638/774/610
f 741/775/716 740/773/715 742/776/717
f 743/777/718 744/778/719 643/670/616
f 741/775/716 643/670/616 641/666/613
f 744/778/719 743/777/718 745/779/720
f 746/780/721 747/781/722 646/674/620
f 744/778/719 646/674/620 644/671/617
f 747/781/722 746/780/721 748/782/723
f 749/783/724 750/784/725 649/677/623
f 747/781/722 649/677/623 647/675/621
f 750/784/725 749/783/724 751/785/726
f 752/786/727 753/788/729 754/787/728
f 750/784/725 754/787/728 650/678/624
f 754/787/728 753/788/729 657/685/631
f 655/683/629 651/679/625 650/678/624
f 753/788/729 752/786/727 755/789/730
f 753/788/729 756/790/731 659/690/636
f 755/789/730 757/792/733 665/693/639
f 756/790/731 665/693/639 663/691/637
f 755/789/730 758/892/829 759/791/732
f 759/791/732 760/794/735 668/696/642
f 757/792/733 668/696/642 666/694/640
f 759/791/732 761/891/828 762/793/734
f 762/793/734 763/796/737 764/795/736
f 760/794/735 764/795/736 669/697/643
f 763/796/737 765/799/740 766/797/738
f 764/795/736 766/797/738 670/798/739
f 765/799/740 767/801/742 675/800/741
f 675/800/741 672/699/645 670/798/739
f 767/801/742 765/799/740 768/802/743
f 769/803/744 770/805/746 678/804/745
f 767/801/742 678/804/745 676/704/650
f 770/805/746 769/803/744 771/806/747
f 772/807/748 773/809/750 681/808/749
f 681/808/749 679/707/653 678/804/745
f 773/809/750 772/807/748 774/810/751
f 773/809/750 775/811/752 776/812/753
f 684/813/754 682/710/656 681/808/749
f 775/811/752 777/906/843 778/814/755
f 776/812/753 778/814/755 779/815/756
f 687/816/757 685/713/659 684/813/754
f 778/814/755 780/910/847 781/817/758
f 779/815/756 781/817/758 782/818/759
f 690/819/760 688/716/662 687/816/757
f 781/817/758 783/914/851 784/820/761
f 782/818/759 784/820/761 785/821/762
f 693/822/763 691/719/665 690/819/760
f 784/820/761 786/918/855 787/823/764
f 785/821/762 787/823/764 788/824/765
f 696/825/766 694/722/668 693/822/763
f 787/823/764 789/923/860 790/826/767
f 788/824/765 790/826/767 791/827/768
f 792/828/769 697/725/671 696/825/766
f 792/828/769 791/827/768 793/829/770
f 794/830/771 698/726/672 697/725/671
f 794/830/771 793/829/770 795/831/772
f 796/832/773 700/728/674 698/726/672
f 796/833/773 795/937/772 797/834/774
f 798/835/775 702/731/676 700/836/674
f 798/835/775 797/834/774 799/837/776
f 800/838/777 704/734/678 702/731/676
f 800/838/777 799/837/776 801/839/778
f 802/840/779 706/736/680 704/734/678
f 802/840/779 801/839/778 803/841/780
f 804/842/781 708/738/682 706/736/680
f 804/842/781 803/841/780 805/843/782
f 806/844/783 710/740/684 708/738/682
f 806/844/783 805/843/782 807/845/784
f 806/844/783 808/846/785 712/742/686
f 808/846/785 807/845/784 809/847/786
f 808/846/785 810/848/787 714/745/689
f 810/848/787 809/847/786 811/849/788
f 810/848/787 812/850/789 716/851/790
f 812/850/789 811/849/788 813/852/791
f 814/853/792 718/747/691 716/851/790
f 814/853/792 813/852/791 815/854/793
f 816/855/794 817/856/795 718/747/691
f 817/856/795 816/855/794 818/857/796
f 819/858/797 723/752/696 721/750/694
f 817/856/795 721/750/694 719/748/692
f 819/858/797 818/857/796 820/859/798
f 821/860/799 725/754/698 723/752/696
f 821/860/799 820/859/798 822/861/800
f 823/862/801 727/756/700 725/754/698
f 823/862/801 822/861/800 824/863/802
f 823/862/801 825/864/803 729/759/703
f 825/864/803 824/863/802 826/865/804
f 825/864/803 827/866/805 828/867/806
f 827/866/805 829/973/907 830/868/807
f 830/868/807 734/765/709 732/762/706
f 828/867/806 732/762/706 730/760/704
f 830/869/807 829/972/907 831/870/808
f 832/871/809 736/768/711 734/872/709
f 832/871/809 831/870/808 833/873/810
f 834/874/811 835/875/812 736/768/711
f 835/875/812 834/874/811 836/876/813
f 837/877/814 838/878/815 739/772/714
f 835/875/812 739/772/714 737/769/712
f 838/878/815 837/877/814 839/879/816
f 840/880/817 841/881/818 742/776/717
f 838/878/815 742/776/717 740/773/715
f 841/881/818 840/880/817 842/882/819
f 843/883/820 844/884/821 745/779/720
f 841/881/818 745/779/720 743/777/718
f 844/884/821 843/883/820 845/885/822
f 846/886/823 847/887/824 748/782/723
f 844/884/821 748/782/723 746/780/721
f 847/887/824 846/886/823 848/888/825
f 849/889/826 758/892/829 751/785/726
f 847/887/824 751/785/726 749/783/724
f 849/889/826 848/888/825 850/890/827
f 761/891/828 759/791/732 758/892/829
f 848/888/825 851/992/925 852/893/830
f 850/890/827 852/893/830 853/894/831
f 854/895/832 762/793/734 761/891/828
f 854/895/832 853/894/831 855/896/833
f 856/897/834 763/796/737 762/793/734
f 856/897/834 855/896/833 857/898/835
f 856/897/834 768/802/743 765/799/740
f 855/896/833 858/996/929 859/899/836
f 859/899/836 860/900/837 771/806/747
f 857/898/835 771/806/747 769/803/744
f 860/900/837 859/899/836 861/901/838
f 862/902/839 863/903/840 774/810/751
f 860/900/837 774/810/751 772/807/748
f 863/903/840 862/902/839 864/904/841
f 865/905/842 866/907/844 777/906/843
f 863/903/840 777/906/843 775/811/752
f 866/907/844 865/905/842 867/908/845
f 868/909/846 869/911/848 780/910/847
f 780/910/847 778/814/755 777/906/843
f 869/911/848 868/909/846 870/912/849
f 871/913/850 872/915/852 783/914/851
f 783/914/851 781/817/758 780/910/847
f 872/915/852 871/913/850 873/916/853
f 874/917/854 875/919/856 786/918/855
f 786/918/855 784/820/761 783/914/851
f 875/919/856 874/917/854 876/920/857
f 875/919/856 877/921/858 878/922/859
f 789/923/860 787/823/764 786/918/855
f 878/922/859 877/921/858 879/924/861
f 878/922/859 880/925/862 881/926/863
f 882/927/864 790/826/767 789/923/860
f 882/927/864 881/926/863 883/928/865
f 882/927/864 884/929/866 791/827/768
f 884/929/866 883/928/865 885/930/867
f 884/929/866 886/931/868 793/829/770
f 886/931/868 885/930/867 887/932/869
f 888/933/870 795/831/772 793/829/770
f 888/934/870 887/1030/869 889/935/871
f 890/936/872 797/834/774 795/937/772
f 890/936/872 889/935/871 891/938/873
f 892/939/874 799/837/776 797/834/774
f 892/939/874 891/938/873 893/940/875
f 894/941/876 801/839/778 799/837/776
f 894/941/876 893/940/875 895/942/877
f 896/943/878 803/841/780 801/839/778
f 896/943/878 895/942/877 897/944/879
f 898/945/880 805/843/782 803/841/780
f 898/945/880 897/944/879 899/946/881
f 900/947/882 807/845/784 805/843/782
f 900/947/882 899/946/881 901/948/883
f 902/949/884 809/847/786 807/845/784
f 902/949/884 901/948/883 903/950/885
f 904/951/886 811/849/788 809/847/786
f 904/951/886 903/950/885 905/952/887
f 906/953/888 813/852/791 811/849/788
f 906/953/888 905/952/887 907/954/889
f 908/955/890 815/854/793 813/852/791
f 908/955/890 907/954/889 909/956/891
f 910/957/892 911/958/893 815/854/793
f 911/958/893 910/957/892 912/959/894
f 913/960/895 820/859/798 818/857/796
f 911/958/893 818/857/796 816/855/794
f 913/960/895 912/959/894 914/961/896
f 915/962/897 822/861/800 820/859/798
f 915/962/897 914/961/896 916/963/898
f 917/964/899 824/863/802 822/861/800
f 917/964/899 916/963/898 918/965/900
f 919/966/901 826/865/804 824/863/802
f 919/966/901 918/965/900 920/967/902
f 921/968/903 922/974/904 826/865/804
f 922/969/904 921/1068/903 923/970/905
f 924/971/906 831/870/808 829/972/907
f 829/973/907 827/866/805 826/865/804
f 923/970/905 925/976/909 926/975/908
f 926/975/908 833/873/810 831/870/808
f 925/976/909 927/1071/998 928/977/910
f 928/977/910 929/978/911 833/873/810
f 929/978/911 928/977/910 930/979/912
f 931/980/913 932/981/914 836/876/813
f 929/978/911 836/876/813 834/874/811
f 932/981/914 931/980/913 933/982/915
f 934/983/916 935/984/917 839/879/816
f 932/981/914 839/879/816 837/877/814
f 935/984/917 934/983/916 936/985/918
f 937/986/919 938/987/920 842/882/819
f 935/984/917 842/882/819 840/880/817
f 938/987/920 937/986/919 939/988/921
f 940/989/922 851/992/925 845/885/822
f 938/987/920 845/885/822 843/883/820
f 940/989/922 939/988/921 941/990/923
f 942/991/924 852/893/830 851/992/925
f 942/991/924 941/990/923 943/993/926
f 944/994/927 853/894/831 852/893/830
f 944/994/927 943/993/926 945/995/928
f 858/996/929 855/896/833 853/894/831
f 945/995/928 943/993/926 946/997/930
f 947/998/931 948/999/932 861/901/838
f 945/995/928 861/901/838 859/899/836
f 948/999/932 947/998/931 949/1000/933
f 950/1001/934 951/1002/935 864/904/841
f 948/999/932 864/904/841 862/902/839
f 951/1002/935 950/1001/934 952/1003/936
f 953/1004/937 954/1005/938 867/908/845
f 951/1002/935 867/908/845 865/905/842
f 954/1005/938 953/1004/937 955/1006/939
f 956/1007/940 957/1008/941 870/912/849
f 954/1005/938 870/912/849 868/909/846
f 957/1008/941 956/1007/940 958/1009/942
f 959/1010/943 960/1011/944 873/916/853
f 957/1008/941 873/916/853 871/913/850
f 960/1011/944 959/1010/943 961/1012/945
f 962/1013/946 963/1015/948 876/920/857
f 960/1011/944 876/920/857 874/917/854
f 962/1013/946 964/1101/1028 965/1014/947
f 963/1015/948 965/1014/947 966/1016/949
f 963/1015/948 879/924/861 877/921/858
f 965/1014/947 967/1106/1033 968/1017/950
f 966/1016/949 968/1017/950 969/1018/951
f 970/1019/952 880/925/862 879/924/861
f 969/1018/951 971/1117/1044 972/1020/953
f 970/1019/952 972/1020/953 881/926/863
f 972/1020/953 971/1117/1044 973/1021/954
f 974/1022/955 883/928/865 881/926/863
f 974/1022/955 973/1021/954 975/1023/956
f 976/1024/957 885/930/867 883/928/865
f 976/1024/957 975/1023/956 977/1025/958
f 978/1026/959 887/932/869 885/930/867
f 977/1027/958 979/1031/961 980/1028/960
f 980/1028/960 889/935/871 887/1030/869
f 979/1031/961 981/1126/1052 982/1032/962
f 982/1032/962 891/938/873 889/935/871
f 982/1032/962 981/1126/1052 983/1033/963
f 984/1034/964 893/940/875 891/938/873
f 984/1034/964 983/1033/963 985/1035/965
f 986/1036/966 895/942/877 893/940/875
f 985/1035/965 987/1132/1058 988/1037/967
f 988/1037/967 897/944/879 895/942/877
f 988/1037/967 987/1132/1058 989/1038/968
f 990/1039/969 899/946/881 897/944/879
f 990/1039/969 989/1038/968 991/1040/970
f 992/1041/971 901/948/883 899/946/881
f 992/1041/971 991/1040/970 993/1042/972
f 994/1043/973 903/950/885 901/948/883
f 994/1043/973 993/1042/972 995/1044/974
f 996/1045/975 905/952/887 903/950/885
f 996/1045/975 995/1044/974 997/1046/976
f 998/1047/977 907/954/889 905/952/887
f 998/1047/977 997/1046/976 999/1048/978
f 1000/1049/979 909/956/891 907/954/889
f 1000/1049/979 999/1048/978 1001/1050/980
f 1002/1051/981 1003/1052/982 909/956/891
f 1003/1052/982 1002/1051/981 1004/1053/983
f 1005/1054/984 914/961/896 912/959/894
f 1003/1052/982 912/959/894 910/957/892
f 1005/1054/984 1004/1053/983 1006/1055/985
f 1007/1056/986 916/963/898 914/961/896
f 1007/1056/986 1006/1055/985 1008/1057/987
f 1009/1058/988 918/965/900 916/963/898
f 1009/1058/988 1008/1057/987 1010/1059/989
f 1011/1060/990 920/967/902 918/965/900
f 1011/1061/990 1010/1158/989 1012/1062/991
f 1013/1063/992 1014/1065/993 920/1064/902
f 1014/1065/993 1013/1063/992 1015/1066/994
f 1016/1067/995 925/976/909 923/970/905
f 1014/1065/993 923/970/905 921/1068/903
f 1016/1067/995 1015/1066/994 1017/1069/996
f 1016/1067/995 1018/1070/997 927/1071/998
f 1018/1070/997 1017/1069/996 1019/1072/999
f 1018/1070/997 1020/1073/1000 1021/1074/1001
f 1020/1073/1000 1022/1170/1094 1023/1075/1002
f 1021/1074/1001 1023/1075/1002 1024/1076/1003
f 930/979/912 928/977/910 927/1071/998
f 1023/1075/1002 1025/1174/1098 1026/1077/1004
f 1024/1076/1003 1026/1077/1004 1027/1078/1005
f 933/982/915 931/980/913 930/979/912
f 1026/1077/1004 1028/1176/1100 1029/1079/1006
f 1027/1078/1005 1029/1079/1006 1030/1080/1007
f 1027/1078/1005 936/985/918 934/983/916
f 1029/1079/1006 1031/1082/1009 1032/1081/1008
f 1030/1080/1007 1032/1081/1008 941/990/923
f 1030/1080/1007 939/988/921 937/986/919
f 1031/1082/1009 1033/1083/1010 946/997/930
f 1032/1081/1008 946/997/930 943/993/926
f 1033/1083/1010 1031/1082/1009 1034/1084/1011
f 1035/1085/1012 1036/1086/1013 949/1000/933
f 1033/1083/1010 949/1000/933 947/998/931
f 1036/1086/1013 1035/1085/1012 1037/1087/1014
f 1038/1088/1015 1039/1089/1016 952/1003/936
f 1036/1086/1013 952/1003/936 950/1001/934
f 1039/1089/1016 1038/1088/1015 1040/1090/1017
f 1041/1091/1018 1042/1092/1019 955/1006/939
f 1039/1089/1016 955/1006/939 953/1004/937
f 1042/1092/1019 1041/1091/1018 1043/1093/1020
f 1044/1094/1021 1045/1095/1022 958/1009/942
f 1042/1092/1019 958/1009/942 956/1007/940
f 1045/1095/1022 1044/1094/1021 1046/1096/1023
f 1047/1097/1024 1048/1098/1025 961/1012/945
f 1045/1095/1022 961/1012/945 959/1010/943
f 1048/1098/1025 1047/1097/1024 1049/1099/1026
f 1050/1100/1027 1051/1102/1029 964/1101/1028
f 1048/1098/1025 964/1101/1028 962/1013/946
f 1051/1102/1029 1050/1100/1027 1052/1103/1030
f 1051/1102/1029 1053/1104/1031 1054/1105/1032
f 967/1106/1033 965/1014/947 964/1101/1028
f 1054/1105/1032 1053/1104/1031 1055/1107/1034
f 1054/1105/1032 1056/1108/1035 1057/1109/1036
f 1058/1110/1037 968/1017/950 967/1106/1033
f 1058/1110/1037 1057/1109/1036 1059/1111/1038
f 1060/1112/1039 969/1018/951 968/1017/950
f 1060/1112/1039 1059/1111/1038 1061/1113/1040
f 1062/1114/1041 971/1117/1044 969/1018/951
f 1062/1114/1041 1061/1113/1040 1063/1115/1042
f 1064/1116/1043 973/1021/954 971/1117/1044
f 1063/1115/1042 1065/1119/1046 1066/1118/1045
f 1066/1118/1045 975/1023/956 973/1021/954
f 1065/1119/1046 1067/1637/1137 1068/1120/1047
f 1068/1120/1047 977/1025/958 975/1023/956
f 1068/1121/1047 1067/1214/1137 1069/1122/1048
f 1068/1121/1047 1070/1123/1049 979/1031/961
f 1070/1123/1049 1069/1122/1048 1071/1124/1050
f 1070/1123/1049 1072/1125/1051 981/1126/1052
f 1072/1125/1051 1071/1124/1050 1073/1127/1053
f 1072/1125/1051 1074/1128/1054 983/1033/963
f 1074/1128/1054 1073/1127/1053 1075/1129/1055
f 1074/1128/1054 1076/1130/1056 985/1035/965
f 1075/1129/1055 1077/1133/1059 1078/1131/1057
f 1076/1130/1056 1078/1131/1057 987/1132/1058
f 1077/1133/1059 1079/1135/1061 1080/1134/1060
f 1078/1131/1057 1080/1134/1060 989/1038/968
f 1079/1135/1061 1081/1227/1150 1082/1136/1062
f 1082/1136/1062 991/1040/970 989/1038/968
f 1082/1136/1062 1081/1227/1150 1083/1137/1063
f 1084/1138/1064 993/1042/972 991/1040/970
f 1084/1138/1064 1083/1137/1063 1085/1139/1065
f 1086/1140/1066 995/1044/974 993/1042/972
f 1086/1140/1066 1085/1139/1065 1087/1141/1067
f 1088/1142/1068 997/1046/976 995/1044/974
f 1088/1142/1068 1087/1141/1067 1089/1143/1069
f 1090/1144/1070 999/1048/978 997/1046/976
f 1090/1144/1070 1089/1143/1069 1091/1145/1071
f 1092/1146/1072 1001/1050/980 999/1048/978
f 1092/1146/1072 1091/1145/1071 1093/1147/1073
f 1094/1148/1074 1095/1149/1075 1001/1050/980
f 1095/1149/1075 1094/1148/1074 1096/1150/1076
f 1097/1151/1077 1006/1055/985 1004/1053/983
f 1095/1149/1075 1004/1053/983 1002/1051/981
f 1096/1150/1076 1098/1153/1079 1099/1152/1078
f 1099/1152/1078 1008/1057/987 1006/1055/985
f 1098/1153/1079 1100/1638/1081 1101/1154/1080
f 1101/1154/1080 1010/1059/989 1008/1057/987
f 1100/1155/1081 1102/1159/1083 1103/1156/1082
f 1103/1156/1082 1012/1062/991 1010/1158/989
f 1102/1159/1083 1104/1254/1176 1105/1160/1084
f 1105/1160/1084 1106/1161/1085 1012/1062/991
f 1106/1161/1085 1105/1160/1084 1107/1162/1086
f 1108/1163/1087 1017/1069/996 1015/1066/994
f 1106/1161/1085 1015/1066/994 1013/1063/992
f 1108/1163/1087 1107/1162/1086 1109/1164/1088
f 1110/1165/1089 1019/1072/999 1017/1069/996
f 1109/1164/1088 1111/1262/1184 1112/1166/1090
f 1112/1166/1090 1113/1167/1091 1019/1072/999
f 1113/1167/1091 1112/1166/1090 1114/1168/1092
f 1115/1169/1093 1116/1172/1096 1022/1170/1094
f 1113/1167/1091 1022/1170/1094 1020/1073/1000
f 1115/1169/1093 1117/1268/1190 1118/1171/1095
f 1116/1172/1096 1118/1171/1095 1119/1173/1097
f 1025/1174/1098 1023/1075/1002 1022/1170/1094
f 1118/1171/1095 1120/1177/1101 1121/1175/1099
f 1119/1173/1097 1121/1175/1099 1034/1084/1011
f 1028/1176/1100 1026/1077/1004 1025/1174/1098
f 1120/1177/1101 1122/1178/1102 1037/1087/1014
f 1121/1175/1099 1037/1087/1014 1035/1085/1012
f 1122/1178/1102 1120/1177/1101 1123/1179/1103
f 1124/1180/1104 1125/1181/1105 1040/1090/1017
f 1122/1178/1102 1040/1090/1017 1038/1088/1015
f 1125/1181/1105 1124/1180/1104 1126/1182/1106
f 1127/1183/1107 1128/1184/1108 1043/1093/1020
f 1125/1181/1105 1043/1093/1020 1041/1091/1018
f 1128/1184/1108 1127/1183/1107 1129/1185/1109
f 1130/1186/1110 1131/1187/1111 1046/1096/1023
f 1128/1184/1108 1046/1096/1023 1044/1094/1021
f 1131/1187/1111 1130/1186/1110 1132/1188/1112
f 1133/1189/1113 1134/1190/1114 1049/1099/1026
f 1131/1187/1111 1049/1099/1026 1047/1097/1024
f 1134/1190/1114 1133/1189/1113 1135/1191/1115
f 1136/1192/1116 1137/1193/1117 1052/1103/1030
f 1134/1190/1114 1052/1103/1030 1050/1100/1027
f 1137/1193/1117 1136/1192/1116 1138/1194/1118
f 1139/1195/1119 1140/1197/1121 1055/1107/1034
f 1137/1193/1117 1055/1107/1034 1053/1104/1031
f 1139/1195/1119 1141/1285/1207 1142/1196/1120
f 1140/1197/1121 1142/1196/1120 1143/1198/1122
f 1140/1197/1121 1144/1199/1123 1056/1108/1035
f 1143/1198/1122 1145/1201/1125 1146/1200/1124
f 1144/1199/1123 1146/1200/1124 1057/1109/1036
f 1145/1201/1125 1147/1203/1127 1148/1202/1126
f 1146/1200/1124 1148/1202/1126 1059/1111/1038
f 1147/1203/1127 1149/1205/1129 1150/1204/1128
f 1148/1202/1126 1150/1204/1128 1061/1113/1040
f 1149/1205/1129 1151/1207/1131 1152/1206/1130
f 1150/1204/1128 1152/1206/1130 1063/1115/1042
f 1151/1207/1131 1153/1209/1133 1154/1208/1132
f 1152/1206/1130 1154/1208/1132 1065/1119/1046
f 1153/1209/1133 1155/1303/1135 1156/1210/1134
f 1156/1210/1134 1067/1637/1137 1065/1119/1046
f 1155/1211/1135 1157/1215/1138 1158/1212/1136
f 1158/1212/1136 1069/1122/1048 1067/1214/1137
f 1157/1215/1138 1159/1309/1229 1160/1216/1139
f 1160/1216/1139 1071/1124/1050 1069/1122/1048
f 1160/1216/1139 1159/1309/1229 1161/1217/1140
f 1162/1218/1141 1073/1127/1053 1071/1124/1050
f 1162/1218/1141 1161/1217/1140 1163/1219/1142
f 1164/1220/1143 1075/1129/1055 1073/1127/1053
f 1164/1220/1143 1163/1219/1142 1165/1221/1144
f 1166/1222/1145 1077/1133/1059 1075/1129/1055
f 1166/1222/1145 1165/1221/1144 1167/1223/1146
f 1168/1224/1147 1079/1135/1061 1077/1133/1059
f 1168/1224/1147 1167/1223/1146 1169/1225/1148
f 1168/1224/1147 1170/1226/1149 1081/1227/1150
f 1170/1226/1149 1169/1225/1148 1171/1228/1151
f 1172/1229/1152 1083/1137/1063 1081/1227/1150
f 1172/1229/1152 1171/1228/1151 1173/1230/1153
f 1174/1231/1154 1085/1139/1065 1083/1137/1063
f 1174/1231/1154 1173/1230/1153 1175/1232/1155
f 1176/1233/1156 1087/1141/1067 1085/1139/1065
f 1176/1233/1156 1175/1232/1155 1177/1234/1157
f 1178/1235/1158 1089/1143/1069 1087/1141/1067
f 1178/1235/1158 1177/1234/1157 1179/1236/1159
f 1180/1237/1160 1091/1145/1071 1089/1143/1069
f 1180/1237/1160 1179/1236/1159 1181/1238/1161
f 1182/1239/1162 1093/1147/1073 1091/1145/1071
f 1182/1239/1162 1181/1238/1161 1183/1240/1163
f 1184/1241/1164 1185/1242/1165 1093/1147/1073
f 1185/1242/1165 1184/1241/1164 1186/1243/1166
f 1187/1244/1167 1098/1153/1079 1096/1150/1076
f 1185/1242/1165 1096/1150/1076 1094/1148/1074
f 1187/1244/1167 1186/1243/1166 1188/1245/1168
f 1189/1246/1169 1100/1638/1081 1098/1153/1079
f 1189/1247/1169 1188/1369/1168 1190/1248/1170
f 1191/1249/1171 1102/1159/1083 1100/1155/1081
f 1191/1249/1171 1190/1248/1170 1192/1250/1172
f 1193/1251/1173 1104/1254/1176 1102/1159/1083
f 1193/1251/1173 1192/1250/1172 1194/1252/1174
f 1195/1253/1175 1196/1255/1177 1104/1254/1176
f 1196/1255/1177 1195/1253/1175 1197/1256/1178
f 1198/1257/1179 1109/1164/1088 1107/1162/1086
f 1196/1255/1177 1107/1162/1086 1105/1160/1084
f 1198/1257/1179 1197/1256/1178 1199/1258/1180
f 1200/1259/1181 1111/1262/1184 1109/1164/1088
f 1200/1259/1181 1199/1258/1180 1201/1260/1182
f 1202/1261/1183 1203/1263/1185 1111/1262/1184
f 1203/1263/1185 1202/1261/1183 1204/1264/1186
f 1205/1265/1187 1206/1267/1189 1114/1168/1092
f 1203/1263/1185 1114/1168/1092 1112/1166/1090
f 1205/1265/1187 1207/1269/1191 1208/1266/1188
f 1206/1267/1189 1208/1266/1188 1123/1179/1103
f 1117/1268/1190 1115/1169/1093 1114/1168/1092
f 1207/1269/1191 1209/1270/1192 1126/1182/1106
f 1208/1266/1188 1126/1182/1106 1124/1180/1104
f 1209/1270/1192 1207/1269/1191 1210/1271/1193
f 1211/1272/1194 1212/1273/1195 1129/1185/1109
f 1209/1270/1192 1129/1185/1109 1127/1183/1107
f 1212/1273/1195 1211/1272/1194 1213/1274/1196
f 1214/1275/1197 1215/1276/1198 1132/1188/1112
f 1212/1273/1195 1132/1188/1112 1130/1186/1110
f 1215/1276/1198 1214/1275/1197 1216/1277/1199
f 1217/1278/1200 1218/1279/1201 1135/1191/1115
f 1215/1276/1198 1135/1191/1115 1133/1189/1113
f 1218/1279/1201 1217/1278/1200 1219/1280/1202
f 1220/1281/1203 1221/1282/1204 1138/1194/1118
f 1218/1279/1201 1138/1194/1118 1136/1192/1116
f 1221/1282/1204 1220/1281/1203 1222/1283/1205
f 1223/1284/1206 1224/1286/1208 1141/1285/1207
f 1221/1282/1204 1141/1285/1207 1139/1195/1119
f 1224/1286/1208 1223/1284/1206 1225/1287/1209
f 1226/1288/1210 1227/1634/1524 1228/1289/1211
f 1228/1289/1211 1142/1196/1120 1141/1285/1207
f 1228/1289/1211 1227/1634/1524 1229/1290/1212
f 1230/1291/1213 1143/1198/1122 1142/1196/1120
f 1230/1291/1213 1229/1290/1212 1231/1292/1214
f 1232/1293/1215 1145/1201/1125 1143/1198/1122
f 1232/1293/1215 1231/1292/1214 1233/1294/1216
f 1232/1293/1215 1234/1295/1217 1147/1203/1127
f 1233/1294/1216 1235/1297/1219 1236/1296/1218
f 1234/1295/1217 1236/1296/1218 1149/1205/1129
f 1235/1297/1219 1237/1299/1221 1238/1298/1220
f 1236/1296/1218 1238/1298/1220 1151/1207/1131
f 1237/1299/1221 1239/1301/1223 1240/1300/1222
f 1238/1298/1220 1240/1300/1222 1153/1209/1133
f 1239/1301/1223 1241/1454/1225 1242/1302/1224
f 1240/1300/1222 1242/1302/1224 1155/1303/1135
f 1241/1304/1225 1243/1307/1227 1244/1305/1226
f 1242/1306/1224 1244/1305/1226 1157/1215/1138
f 1243/1307/1227 1245/1460/1371 1246/1308/1228
f 1244/1305/1226 1246/1308/1228 1159/1309/1229
f 1246/1308/1228 1245/1460/1371 1247/1310/1230
f 1248/1311/1231 1161/1217/1140 1159/1309/1229
f 1248/1311/1231 1247/1310/1230 1249/1312/1232
f 1250/1313/1233 1163/1219/1142 1161/1217/1140
f 1250/1313/1233 1249/1312/1232 1251/1314/1234
f 1252/1315/1235 1165/1221/1144 1163/1219/1142
f 1252/1315/1235 1251/1314/1234 1253/1316/1236
f 1254/1317/1237 1167/1223/1146 1165/1221/1144
f 1253/1316/1236 1255/1319/1239 1256/1318/1238
f 1256/1318/1238 1169/1225/1148 1167/1223/1146
f 1255/1319/1239 1257/1321/1241 1258/1320/1240
f 1256/1318/1238 1258/1320/1240 1171/1228/1151
f 1257/1321/1241 1259/1323/1243 1260/1322/1242
f 1258/1320/1240 1260/1322/1242 1173/1230/1153
f 1259/1323/1243 78/81/75 84/1324/1244
f 1260/1322/1242 84/1324/1244 1175/1232/1155
f 1257/1321/1241 1261/1472/1383 1262/1325/1245
f 1262/1325/1245 79/77/71 78/81/75
f 1262/1325/1245 1261/1472/1383 1263/1326/1246
f 1264/1327/1247 1265/1328/1248 79/77/71
f 1265/1328/1248 1264/1327/1247 1266/1329/1249
f 1267/1330/1250 1268/1332/1252 1269/1331/1251
f 1265/1328/1248 1269/1331/1251 80/78/72
f 1268/1332/1252 1270/1335/1255 1271/1333/1253
f 1269/1331/1251 1271/1333/1253 81/1334/1254
f 1270/1335/1255 1272/1337/1257 1273/1336/1256
f 1271/1333/1253 1273/1336/1256 76/75/69
f 1272/1337/1257 1274/1339/1259 72/71/65
f 1273/1336/1256 72/71/65 71/73/67
f 1272/1337/1257 1275/1487/1398 1276/1338/1258
f 1274/1339/1259 1276/1338/1258 1277/1340/1260
f 1274/1339/1259 1278/1341/1261 73/1342/1262
f 1278/1341/1261 1277/1340/1260 1279/1343/1263
f 1278/1341/1261 1280/1344/1264 1281/1345/1265
f 1281/1345/1265 1280/1344/1264 1282/1346/1266
f 1281/1345/1265 1283/1347/1267 1284/1348/1268
f 1285/1349/1269 74/72/66 73/1342/1262
f 1285/1349/1269 1284/1348/1268 1286/1350/1270
f 1287/1351/1271 75/74/68 74/72/66
f 1286/1350/1270 1288/1353/1273 87/1352/1272
f 87/1352/1272 82/79/73 75/74/68
f 1288/1353/1273 1286/1350/1270 1289/1354/1274
f 1290/1355/1275 1291/1357/1277 1292/1356/1276
f 1288/1353/1273 1292/1356/1276 85/82/76
f 1291/1357/1277 1293/1360/1280 1294/1358/1278
f 1292/1356/1276 1294/1358/1278 86/1359/1279
f 1293/1360/1280 1183/1240/1163 1181/1238/1161
f 1294/1358/1278 1181/1238/1161 1179/1236/1159
f 1293/1360/1280 1291/1357/1277 1295/1361/1281
f 1296/1362/1282 1297/1363/1283 1183/1240/1163
f 1297/1363/1283 1296/1362/1282 1298/1364/1284
f 1299/1365/1285 1188/1245/1168 1186/1243/1166
f 1297/1363/1283 1186/1243/1166 1184/1241/1164
f 1299/1366/1285 1298/1512/1284 1300/1367/1286
f 1301/1368/1287 1190/1248/1170 1188/1369/1168
f 1301/1368/1287 1300/1367/1286 1302/1370/1288
f 1303/1371/1289 1192/1250/1172 1190/1248/1170
f 1303/1371/1289 1302/1370/1288 1304/1372/1290
f 1305/1373/1291 1194/1252/1174 1192/1250/1172
f 1305/1373/1291 1304/1372/1290 1306/1374/1292
f 1307/1375/1293 1308/1376/1294 1194/1252/1174
f 1308/1376/1294 1307/1375/1293 1309/1377/1295
f 1310/1378/1296 1199/1258/1180 1197/1256/1178
f 1308/1376/1294 1197/1256/1178 1195/1253/1175
f 1310/1378/1296 1309/1377/1295 1311/1379/1297
f 1312/1380/1298 1201/1260/1182 1199/1258/1180
f 1312/1380/1298 1311/1379/1297 1313/1381/1299
f 1314/1382/1300 1315/1383/1301 1201/1260/1182
f 1315/1383/1301 1314/1382/1300 1316/1384/1302
f 1317/1385/1303 1210/1271/1193 1204/1264/1186
f 1315/1383/1301 1204/1264/1186 1202/1261/1183
f 1317/1385/1303 1316/1384/1302 1318/1386/1304
f 1213/1274/1196 1211/1272/1194 1210/1271/1193
f 1316/1384/1302 1319/1526/1435 1320/1387/1305
f 1318/1386/1304 1320/1387/1305 1321/1388/1306
f 1318/1386/1304 1216/1277/1199 1214/1275/1197
f 1321/1388/1306 1320/1387/1305 1322/1389/1307
f 1323/1390/1308 1324/1391/1309 1219/1280/1202
f 1321/1388/1306 1219/1280/1202 1217/1278/1200
f 1324/1391/1309 1323/1390/1308 1325/1392/1310
f 1326/1393/1311 1327/1394/1312 1222/1283/1205
f 1324/1391/1309 1222/1283/1205 1220/1281/1203
f 1327/1394/1312 1326/1393/1311 1328/1395/1313
f 1329/1396/1314 1330/1397/1315 1225/1287/1209
f 1327/1394/1312 1225/1287/1209 1223/1284/1206
f 1330/1397/1315 1329/1396/1314 1331/1398/1316
f 1330/1397/1315 1332/1399/1317 122/108/102
f 1330/1397/1315 130/113/107 1226/1288/1210
f 1332/1399/1317 1331/1398/1316 1333/1400/1318
f 1332/1399/1317 1334/1401/1319 123/1402/1320
f 1333/1400/1318 1335/1540/1449 1336/1403/1321
f 1334/1401/1319 1336/1403/1321 1337/1404/1322
f 1338/1405/1323 124/109/103 123/1402/1320
f 1336/1403/1321 1339/1541/1450 1340/1406/1324
f 1337/1404/1322 1340/1406/1324 1341/1407/1325
f 1341/1407/1325 1342/1411/1329 1343/1408/1326
f 1341/1407/1325 1340/1406/1324 1344/1409/1327
f 1345/1410/1328 1346/1412/1330 1342/1411/1329
f 1346/1412/1330 1347/1630/1334 1348/1413/1331
f 1346/1414/1330 1345/1551/1328 1349/1415/1332
f 1350/1416/1333 1351/1418/1335 1347/1417/1334
f 1351/1418/1335 1352/1422/1339 1353/1419/1336
f 1351/1418/1335 1350/1416/1333 1354/1420/1337
f 1355/1421/1338 1356/1425/1340 1352/1422/1339
f 1356/1423/1340 1357/1429/1343 38/38/36
f 1356/1425/1340 1355/1421/1338 1358/1426/1341
f 1359/1428/1342 1360/1430/1344 1357/1429/1343
f 1360/1430/1344 1361/1434/1348 1362/1431/1345
f 1360/1430/1344 1359/1428/1342 1363/1432/1346
f 1364/1433/1347 1365/1435/1349 1361/1434/1348
f 1365/1435/1349 1366/1439/1353 1367/1436/1350
f 1365/1435/1349 1364/1433/1347 1368/1437/1351
f 1369/1438/1352 1370/1440/1354 1366/1439/1353
f 1370/1440/1354 1371/1442/1356 1372/1441/1355
f 1370/1440/1354 1369/1438/1352 1237/1299/1221
f 1235/1297/1219 1233/1294/1216 1371/1442/1356
f 1372/1441/1355 1373/1445/1359 1374/1443/1357
f 1375/1444/1358 1367/1436/1350 1366/1439/1353
f 1371/1442/1356 1376/1447/1361 1373/1445/1359
f 131/1446/1360 127/112/106 1373/1445/1359
f 1376/1447/1361 1371/1442/1356 1233/1294/1216
f 1231/1292/1214 1229/1290/1212 131/1446/1360
f 1375/1444/1358 1374/1443/1357 1377/1448/1362
f 1378/1449/1363 1379/1450/1364 1367/1436/1350
f 1379/1450/1364 1378/1449/1363 10/10/8
f 40/1451/1365 39/39/37 1362/1431/1345
f 1379/1450/1364 1362/1431/1345 1361/1434/1348
f 1378/1449/1363 1377/1448/1362 11/11/9
f 1377/1448/1362 31/31/29 12/12/10
f 1374/1443/1357 126/1452/1366 31/31/29
f 1373/1445/1359 127/112/106 126/1452/1366
f 1369/1438/1352 1368/1437/1351 1239/1301/1223
f 1364/1433/1347 1363/1432/1346 1380/1453/1367
f 1368/1437/1351 1380/1453/1367 1241/1454/1225
f 1363/1455/1346 1381/1458/1369 1382/1456/1368
f 1380/1457/1367 1382/1456/1368 1243/1307/1227
f 1381/1458/1369 1383/1461/1372 1384/1459/1370
f 1382/1456/1368 1384/1459/1370 1245/1460/1371
f 1383/1461/1372 1385/1463/1374 1386/1462/1373
f 1384/1459/1370 1386/1462/1373 1247/1310/1230
f 1385/1463/1374 1387/1465/1376 1388/1464/1375
f 1388/1464/1375 1249/1312/1232 1247/1310/1230
f 1387/1465/1376 1389/1467/1378 1390/1466/1377
f 1390/1466/1377 1251/1314/1234 1249/1312/1232
f 1389/1467/1378 1391/1469/1380 1392/1468/1379
f 1390/1466/1377 1392/1468/1379 1253/1316/1236
f 1391/1469/1380 1393/1471/1382 1394/1470/1381
f 1392/1468/1379 1394/1470/1381 1255/1319/1239
f 1393/1471/1382 1263/1326/1246 1261/1472/1383
f 1394/1470/1381 1261/1472/1383 1257/1321/1241
f 1393/1471/1382 1391/1469/1380 1395/1473/1384
f 1396/1474/1385 1397/1475/1386 1263/1326/1246
f 1397/1475/1386 1396/1474/1385 1398/1476/1387
f 1399/1477/1388 1400/1478/1389 1266/1329/1249
f 1397/1475/1386 1266/1329/1249 1264/1327/1247
f 1400/1478/1389 1399/1477/1388 1401/1479/1390
f 1400/1478/1389 1402/1480/1391 1403/1481/1392
f 1404/1482/1393 1267/1330/1250 1266/1329/1249
f 1404/1482/1393 1403/1481/1392 1405/1483/1394
f 1406/1484/1395 1268/1332/1252 1267/1330/1250
f 1405/1483/1394 1407/1486/1397 1408/1485/1396
f 1406/1484/1395 1408/1485/1396 1270/1335/1255
f 1407/1486/1397 1409/1489/1400 1275/1487/1398
f 1408/1485/1396 1275/1487/1398 1272/1337/1257
f 1407/1486/1397 1410/1639/1473 1411/1488/1399
f 1409/1489/1400 1411/1488/1399 1412/1490/1401
f 1413/1491/1402 1276/1338/1258 1275/1487/1398
f 1413/1491/1402 1412/1490/1401 1414/1492/1403
f 1415/1493/1404 1277/1340/1260 1276/1338/1258
f 1415/1493/1404 1414/1492/1403 1416/1494/1405
f 1417/1495/1406 1279/1343/1263 1277/1340/1260
f 1417/1495/1406 1416/1494/1405 1418/1496/1407
f 1419/1497/1408 1420/1498/1409 1279/1343/1263
f 1420/1498/1409 1419/1497/1408 60/57/54
f 59/56/53 1421/1499/1410 1282/1346/1266
f 1420/1498/1409 1282/1346/1266 1280/1344/1264
f 1421/1499/1410 59/56/53 58/61/58
f 1422/1500/1411 1423/1502/1413 1424/1501/1412
f 1421/1499/1410 1424/1501/1412 1283/1347/1267
f 1423/1502/1413 1425/1505/1416 1426/1503/1414
f 1424/1501/1412 1426/1503/1414 1284/1348/1268
f 1426/1503/1414 1425/1505/1416 1427/1504/1415
f 1289/1354/1274 1286/1350/1270 1284/1348/1268
f 1425/1505/1416 1428/1640/1498 1429/1506/1417
f 1427/1504/1415 1429/1506/1417 1430/1507/1418
f 1431/1508/1419 1290/1355/1275 1289/1354/1274
f 1430/1507/1418 1432/1513/1420 1295/1361/1281
f 1431/1508/1419 1295/1361/1281 1291/1357/1277
f 1432/1509/1420 1430/1641/1418 1433/1510/1421
f 1434/1511/1422 1300/1367/1286 1298/1512/1284
f 1432/1513/1420 1298/1364/1284 1296/1362/1282
f 1434/1511/1422 1433/1510/1421 1435/1514/1423
f 1436/1515/1424 1302/1370/1288 1300/1367/1286
f 1436/1515/1424 1435/1514/1423 1437/1516/1425
f 1438/1517/1426 1304/1372/1290 1302/1370/1288
f 1437/1516/1425 1439/1608/1502 1440/1518/1427
f 1440/1518/1427 1306/1374/1292 1304/1372/1290
f 1440/1518/1427 1439/1608/1502 115/102/96
f 114/1519/1428 1441/1520/1429 1306/1374/1292
f 1441/1520/1429 114/1519/1428 109/98/92
f 1442/1521/1430 1311/1379/1297 1309/1377/1295
f 1441/1520/1429 1309/1377/1295 1307/1375/1293
f 1442/1521/1430 109/98/92 108/1522/1431
f 1443/1523/1432 1313/1381/1299 1311/1379/1297
f 1443/1523/1432 108/1522/1431 1444/1524/1433
f 1445/1525/1434 1319/1526/1435 1313/1381/1299
f 1444/1524/1433 1446/1527/1436 1322/1389/1307
f 1322/1389/1307 1320/1387/1305 1319/1526/1435
f 1446/1527/1436 1444/1524/1433 1447/1528/1437
f 1448/1529/1438 1449/1530/1439 1325/1392/1310
f 1446/1527/1436 1325/1392/1310 1323/1390/1308
f 1449/1530/1439 1448/1529/1438 1450/1531/1440
f 1451/1532/1441 1452/1533/1442 1328/1395/1313
f 1449/1530/1439 1328/1395/1313 1326/1393/1311
f 1452/1533/1442 1331/1398/1316 1329/1396/1314
f 1452/1533/1442 1451/1532/1441 1453/1534/1443
f 1454/1535/1444 1333/1400/1318 1331/1398/1316
f 1454/1535/1444 1453/1534/1443 1455/1536/1445
f 1456/1537/1446 1335/1540/1449 1333/1400/1318
f 1456/1537/1446 1455/1536/1445 1457/1538/1447
f 1458/1539/1448 1459/1542/1451 1335/1540/1449
f 1339/1541/1450 1336/1403/1321 1335/1540/1449
f 1459/1542/1451 1458/1539/1448 1460/1543/1452
f 1461/1544/1453 1462/1545/1454 1339/1541/1450
f 1344/1409/1327 1340/1406/1324 1339/1541/1450
f 1462/1546/1454 1461/1561/1453 1463/1547/1455
f 1464/1548/1456 1465/1550/1457 1344/1549/1327
f 1465/1550/1457 1349/1415/1332 1345/1551/1328
f 1465/1550/1457 1464/1548/1456 1466/1552/1458
f 1467/1553/1459 1468/1554/1460 1349/1415/1332
f 1468/1554/1460 1354/1420/1337 1350/1416/1333
f 1468/1554/1460 1467/1553/1459 1469/1555/1461
f 1470/1556/1462 1471/1557/1463 1354/1420/1337
f 1471/1557/1463 1358/1426/1341 1355/1421/1338
f 1471/1557/1463 1470/1556/1462 1385/1463/1374
f 1383/1461/1372 1381/1458/1369 1358/1426/1341
f 1470/1556/1462 1469/1555/1461 1387/1465/1376
f 1467/1553/1459 1466/1552/1458 1472/1558/1464
f 1469/1555/1461 1472/1558/1464 1389/1467/1378
f 1466/1552/1458 1473/1559/1465 1395/1473/1384
f 1472/1558/1464 1395/1473/1384 1391/1469/1380
f 1473/1559/1465 1466/1552/1458 1464/1548/1456
f 1463/1547/1455 1474/1560/1466 1398/1476/1387
f 1473/1559/1465 1398/1476/1387 1396/1474/1385
f 1474/1560/1466 1463/1547/1455 1461/1561/1453
f 1460/1562/1452 1475/1565/1467 1401/1479/1390
f 1474/1560/1466 1401/1479/1390 1399/1477/1388
f 1475/1563/1467 1460/1543/1452 1458/1539/1448
f 1457/1538/1447 1476/1624/1518 1477/1564/1468
f 1475/1565/1467 1477/1569/1468 1402/1480/1391
f 1477/1564/1468 1476/1624/1518 1478/1566/1469
f 1479/1568/1470 1403/1481/1392 1402/1480/1391
f 1478/1566/1469 1480/1574/1474 1481/1570/1471
f 1481/1571/1471 1405/1483/1394 1403/1481/1392
f 1481/1570/1471 1480/1574/1474 1482/1572/1472
f 1481/1571/1471 1410/1639/1473 1407/1486/1397
f 1480/1574/1474 1483/1618/1512 1484/1575/1475
f 1482/1572/1472 1484/1575/1475 1485/1576/1476
f 1486/1577/1477 1411/1580/1399 1410/1573/1473
f 1486/1577/1477 1485/1576/1476 1487/1578/1478
f 1488/1579/1479 1412/1582/1401 1411/1580/1399
f 1487/1578/1478 1489/1583/1481 1490/1581/1480
f 1490/1581/1480 1414/1585/1403 1412/1582/1401
f 1489/1583/1481 1491/1586/1483 1492/1584/1482
f 1492/1584/1482 1416/1588/1405 1414/1585/1403
f 1491/1586/1483 1493/1589/1485 1494/1587/1484
f 1494/1587/1484 1418/1590/1407 1416/1588/1405
f 1493/1589/1485 66/63/60 65/68/62
f 1494/1587/1484 65/68/62 61/67/55
f 1493/1589/1485 1491/1586/1483 1495/1591/1486
f 1496/1592/1487 1497/1593/1488 66/63/60
f 1497/1593/1488 1498/1595/1490 67/64/61
f 1496/1592/1487 1499/1612/1506 1500/1594/1489
f 1500/1594/1489 1501/1596/1491 1498/1595/1490
f 1501/1596/1491 1502/1600/1495 1503/1597/1492
f 1501/1596/1491 1500/1594/1489 1504/1598/1493
f 1505/1599/1494 1428/1603/1498 1502/1600/1495
f 1505/1599/1494 1504/1598/1493 1506/1601/1496
f 1507/1602/1497 1429/1604/1417 1428/1603/1498
f 1506/1601/1496 1435/1514/1423 1433/1510/1421
f 1433/1510/1421 1430/1641/1418 1429/1604/1417
f 1504/1598/1493 1508/1609/1503 1509/1605/1499
f 1509/1605/1499 1437/1516/1425 1435/1514/1423
f 1509/1605/1499 1508/1609/1503 1510/1606/1500
f 1511/1607/1501 1439/1608/1502 1437/1516/1425
f 1511/1607/1501 1510/1606/1500 118/103/97
f 116/106/100 115/102/96 1439/1608/1502
f 1508/1609/1503 1499/1612/1506 1512/1610/1504
f 1510/1606/1500 1512/1610/1504 119/1611/1505
f 1499/1612/1506 1496/1592/1487 1495/1591/1486
f 1512/1610/1504 1495/1591/1486 1513/1613/1507
f 1514/1614/1508 120/104/98 119/1611/1505
f 1495/1591/1486 1491/1586/1483 1489/1583/1481
f 1489/1583/1481 1487/1578/1478 1514/1614/1508
f 1515/1615/1509 113/107/101 120/104/98
f 1514/1614/1508 1487/1578/1478 1485/1576/1476
f 1516/1616/1510 110/100/94 113/107/101
f 1515/1615/1509 1485/1576/1476 1484/1575/1475
f 1517/1617/1511 111/1620/1514 110/100/94
f 1516/1616/1510 1484/1575/1475 1483/1618/1512
f 1518/1619/1513 1519/1625/1519 111/1620/1514
f 1483/1618/1512 1520/1621/1515 1518/1619/1513
f 1520/1621/1515 1521/1623/1517 1522/1622/1516
f 1520/1621/1515 1483/1618/1512 1480/1574/1474
f 1478/1566/1469 1476/1624/1518 1521/1623/1517
f 1522/1622/1516 1453/1534/1443 1451/1532/1441
f 1450/1531/1440 1519/1625/1519 1518/1619/1513
f 1521/1623/1517 1455/1536/1445 1453/1534/1443
f 1476/1624/1518 1457/1538/1447 1455/1536/1445
f 1519/1625/1519 1450/1531/1440 1448/1529/1438
f 1447/1528/1437 107/97/91 111/1620/1514
f 1504/1598/1493 1500/1594/1489 1499/1612/1506
f 1422/1500/1411 58/61/58 63/60/57
f 63/65/57 67/64/61 1498/1595/1490
f 1503/1626/1492 1502/1627/1495 1423/1502/1413
f 1502/1627/1495 1428/1640/1498 1425/1505/1416
f 1447/1528/1437 1444/1524/1433 108/1522/1431
f 1419/1497/1408 1418/1496/1407 61/58/55
f 1381/1458/1369 1363/1455/1346 1359/1427/1342
f 39/39/37 38/38/36 1357/1429/1343
f 1353/1628/1336 37/37/35 36/36/34
f 1523/1629/1520 1348/1413/1331 1347/1630/1334
f 1352/1424/1339 38/38/36 37/37/35
f 1523/1629/1520 36/36/34 14/14/12
f 1524/1631/1521 1525/1632/1522 1348/1413/1331
f 1525/1632/1522 1524/1631/1521 30/34/32
f 33/33/31 128/1633/1523 1343/1408/1326
f 1525/1632/1522 1343/1408/1326 1342/1411/1329
f 1524/1631/1521 14/14/12 13/13/11
f 128/1633/1523 124/109/103 1338/1405/1323
f 1319/1526/1435 1316/1384/1302 1314/1382/1300
f 1227/1634/1524 129/114/108 131/1446/1360
f 1227/1634/1524 1226/1288/1210 130/113/107
f 1210/1271/1193 1207/1269/1191 1205/1265/1187
f 1177/1234/1157 83/80/74 86/1359/1279
f 1177/1234/1157 1175/1232/1155 84/1324/1244
f 1120/1177/1101 1118/1171/1095 1117/1268/1190
f 1031/1082/1009 1029/1079/1006 1028/1176/1100
f 851/992/925 848/888/825 846/886/823
f 758/892/829 755/789/730 752/786/727
f 429/430/401 428/429/400 28/28/26
f 214/279/257 210/195/181 148/129/123
f 158/177/166 155/133/127 154/132/126
f 190/173/162 189/172/161 162/139/133
f 185/1635/157 6/5/4 5/1636/1525
f 5/1636/1525 164/141/135 162/139/133
f 134/252/234 47/45/43 46/44/42
f 164/141/135 5/1636/1525 4/4/3
f 128/1633/1523 33/33/31 32/32/30
f 126/1452/1366 125/111/105 32/32/30
f 81/1334/1254 76/75/69 75/74/68
f 40/1451/1365 10/10/8 9/15/13
f 36/36/34 35/40/38 9/15/13
